file_name,file_path
A_acoustic_guitar_fender_fa_series_2.wav,/Users/richardtairouz/Downloads/Guitar_Chord_Recognition/dataset_download/data/Train/A/A_acoustic_guitar_fender_fa_series_2.wav
C_acoustic_guitar_fender_fa_series_11.wav,/Users/richardtairouz/Downloads/Guitar_Chord_Recognition/dataset_download/data/Train/C/C_acoustic_guitar_fender_fa_series_11.wav
C#_acoustic_guitar_fender_fa_series_5.wav,/Users/richardtairouz/Downloads/Guitar_Chord_Recognition/dataset_download/data/Train/C#/C#_acoustic_guitar_fender_fa_series_5.wav
D#_acoustic_guitar_fender_fa_series_8.wav,/Users/richardtairouz/Downloads/Guitar_Chord_Recognition/dataset_download/data/Train/D#/D#_acoustic_guitar_fender_fa_series_8.wav
Cm_acoustic_guitar_fender_fa_series_9.wav,/Users/richardtairouz/Downloads/Guitar_Chord_Recognition/dataset_download/data/Train/Cm/Cm_acoustic_guitar_fender_fa_series_9.wav
F#m_acoustic_guitar_fender_fa_series_7.wav,/Users/richardtairouz/Downloads/Guitar_Chord_Recognition/dataset_download/data/Train/F#m/F#m_acoustic_guitar_fender_fa_series_7.wav
Cm_acoustic_guitar_fender_fa_series_1.wav,/Users/richardtairouz/Downloads/Guitar_Chord_Recognition/dataset_download/data/Train/Cm/Cm_acoustic_guitar_fender_fa_series_1.wav
D_acoustic_guitar_fender_f a_series_23.wav,/Users/richardtairouz/Downloads/Guitar_Chord_Recognition/dataset_download/data/Train/D/D_acoustic_guitar_fender_f a_series_23.wav
Em_acoustic_guitar_fender_fa_series_6.wav,/Users/richardtairouz/Downloads/Guitar_Chord_Recognition/dataset_download/data/Train/Em/Em_acoustic_guitar_fender_fa_series_6.wav
Am_acoustic_guitar_fender_fa_series_test_6.wav,/Users/richardtairouz/Downloads/Guitar_Chord_Recognition/dataset_download/data/Test/Am/Am_acoustic_guitar_fender_fa_series_test_6.wav
E_acoustic_guitar_fender_fa_series_9.wav,/Users/richardtairouz/Downloads/Guitar_Chord_Recognition/dataset_download/data/Train/E/E_acoustic_guitar_fender_fa_series_9.wav
D#m_acoustic_guitar_fender_fa_series_12.wav,/Users/richardtairouz/Downloads/Guitar_Chord_Recognition/dataset_download/data/Train/D#m/D#m_acoustic_guitar_fender_fa_series_12.wav
G_acoustic_guitar_fender_ fa_series_12.wav,/Users/richardtairouz/Downloads/Guitar_Chord_Recognition/dataset_download/data/Train/G/G_acoustic_guitar_fender_ fa_series_12.wav
Fm_acoustic_guitar_fender_fa_series_3.wav,/Users/richardtairouz/Downloads/Guitar_Chord_Recognition/dataset_download/data/Train/Fm/Fm_acoustic_guitar_fender_fa_series_3.wav
Fm_acoustic_guitar_fender_fa_series_15.wav,/Users/richardtairouz/Downloads/Guitar_Chord_Recognition/dataset_download/data/Train/Fm/Fm_acoustic_guitar_fender_fa_series_15.wav
Fm_acoustic_guitar_fender_fa_series_9.wav,/Users/richardtairouz/Downloads/Guitar_Chord_Recognition/dataset_download/data/Train/Fm/Fm_acoustic_guitar_fender_fa_series_9.wav
C#m_acoustic_guitar_fender_fa_series_17.wav,/Users/richardtairouz/Downloads/Guitar_Chord_Recognition/dataset_download/data/Train/C#m/C#m_acoustic_guitar_fender_fa_series_17.wav
A#_acoustic_guitar_fender_fa_series_16.wav,/Users/richardtairouz/Downloads/Guitar_Chord_Recognition/dataset_download/data/Train/A#/A#_acoustic_guitar_fender_fa_series_16.wav
G_acoustic_guitar_fender_ fa_series_2.wav,/Users/richardtairouz/Downloads/Guitar_Chord_Recognition/dataset_download/data/Train/G/G_acoustic_guitar_fender_ fa_series_2.wav
Am_acoustic_guitar_fender_fa_series_5.wav,/Users/richardtairouz/Downloads/Guitar_Chord_Recognition/dataset_download/data/Train/Am/Am_acoustic_guitar_fender_fa_series_5.wav
Gm_acoustic_guitar_fender_fa_series_25.wav,/Users/richardtairouz/Downloads/Guitar_Chord_Recognition/dataset_download/data/Train/Gm/Gm_acoustic_guitar_fender_fa_series_25.wav
D_acoustic_guitar_fender_f a_series_21.wav,/Users/richardtairouz/Downloads/Guitar_Chord_Recognition/dataset_download/data/Train/D/D_acoustic_guitar_fender_f a_series_21.wav
C#m_acoustic_guitar_fender_fa_series_8.wav,/Users/richardtairouz/Downloads/Guitar_Chord_Recognition/dataset_download/data/Train/C#m/C#m_acoustic_guitar_fender_fa_series_8.wav
Fm_acoustic_guitar_fender_fa_series_19.wav,/Users/richardtairouz/Downloads/Guitar_Chord_Recognition/dataset_download/data/Train/Fm/Fm_acoustic_guitar_fender_fa_series_19.wav
Em_acoustic_guitar_fender_fa_series_23.wav,/Users/richardtairouz/Downloads/Guitar_Chord_Recognition/dataset_download/data/Train/Em/Em_acoustic_guitar_fender_fa_series_23.wav
A#m_acoustic_guitar_fender_fa_series_test_4.wav,/Users/richardtairouz/Downloads/Guitar_Chord_Recognition/dataset_download/data/Test/A#m/A#m_acoustic_guitar_fender_fa_series_test_4.wav
C#m_acoustic_guitar_fender_fa_series_18.wav,/Users/richardtairouz/Downloads/Guitar_Chord_Recognition/dataset_download/data/Train/C#m/C#m_acoustic_guitar_fender_fa_series_18.wav
E_hard_rock_garage_band_5.wav,/Users/richardtairouz/Downloads/Guitar_Chord_Recognition/dataset_download/data/Train/E/E_hard_rock_garage_band_5.wav
E_acoustic_guitar_garage_band_5.wav,/Users/richardtairouz/Downloads/Guitar_Chord_Recognition/dataset_download/data/Train/E/E_acoustic_guitar_garage_band_5.wav
E_acoustic_guitar_garage_band_4.wav,/Users/richardtairouz/Downloads/Guitar_Chord_Recognition/dataset_download/data/Train/E/E_acoustic_guitar_garage_band_4.wav
F#m_acoustic_guitar_fender_fa_series_14.wav,/Users/richardtairouz/Downloads/Guitar_Chord_Recognition/dataset_download/data/Train/F#m/F#m_acoustic_guitar_fender_fa_series_14.wav
C#_acoustic_guitar_fender_fa_series_20.wav,/Users/richardtairouz/Downloads/Guitar_Chord_Recognition/dataset_download/data/Train/C#/C#_acoustic_guitar_fender_fa_series_20.wav
Em_acoustic_guitar_fender_fa_series_2.wav,/Users/richardtairouz/Downloads/Guitar_Chord_Recognition/dataset_download/data/Train/Em/Em_acoustic_guitar_fender_fa_series_2.wav
C#m_acoustic_guitar_fende r_fa_series_test_6.wav,/Users/richardtairouz/Downloads/Guitar_Chord_Recognition/dataset_download/data/Test/C#m/C#m_acoustic_guitar_fende r_fa_series_test_6.wav
G_acoustic_guitar_fender_ fa_series_1.wav,/Users/richardtairouz/Downloads/Guitar_Chord_Recognition/dataset_download/data/Train/G/G_acoustic_guitar_fender_ fa_series_1.wav
Fm_acoustic_guitar_fender_fa_series_test_1.wav,/Users/richardtairouz/Downloads/Guitar_Chord_Recognition/dataset_download/data/Test/Fm/Fm_acoustic_guitar_fender_fa_series_test_1.wav
A#_acoustic_guitar_fender_fa_series_5.wav,/Users/richardtairouz/Downloads/Guitar_Chord_Recognition/dataset_download/data/Train/A#/A#_acoustic_guitar_fender_fa_series_5.wav
C#_acoustic_guitar_fender_fa_series_12.wav,/Users/richardtairouz/Downloads/Guitar_Chord_Recognition/dataset_download/data/Train/C#/C#_acoustic_guitar_fender_fa_series_12.wav
Hm_acoustic_guitar_fender_fa_series_17.wav,/Users/richardtairouz/Downloads/Guitar_Chord_Recognition/dataset_download/data/Train/Bm/Hm_acoustic_guitar_fender_fa_series_17.wav
G_acoustic_guitar_fender_ fa_series_25.wav,/Users/richardtairouz/Downloads/Guitar_Chord_Recognition/dataset_download/data/Train/G/G_acoustic_guitar_fender_ fa_series_25.wav
Am_acoustic_guitar_fender_fa_series_test_2.wav,/Users/richardtairouz/Downloads/Guitar_Chord_Recognition/dataset_download/data/Test/Am/Am_acoustic_guitar_fender_fa_series_test_2.wav
Cm_acoustic_guitar_fender_fa_series_3.wav,/Users/richardtairouz/Downloads/Guitar_Chord_Recognition/dataset_download/data/Train/Cm/Cm_acoustic_guitar_fender_fa_series_3.wav
D#m_acoustic_guitar_fender_fa_series_3.wav,/Users/richardtairouz/Downloads/Guitar_Chord_Recognition/dataset_download/data/Train/D#m/D#m_acoustic_guitar_fender_fa_series_3.wav
D#m_acoustic_guitar_fender_fa_series_test_1.wav,/Users/richardtairouz/Downloads/Guitar_Chord_Recognition/dataset_download/data/Test/D#m/D#m_acoustic_guitar_fender_fa_series_test_1.wav
G#_acoustic_guitar_fender_fa_series_test_6.wav,/Users/richardtairouz/Downloads/Guitar_Chord_Recognition/dataset_download/data/Test/G#/G#_acoustic_guitar_fender_fa_series_test_6.wav
G_acoustic_guitar_fender_ fa_series_test_6.wav,/Users/richardtairouz/Downloads/Guitar_Chord_Recognition/dataset_download/data/Test/G/G_acoustic_guitar_fender_ fa_series_test_6.wav
Cm_acoustic_guitar_fende r_fa_series_test_6.wav,/Users/richardtairouz/Downloads/Guitar_Chord_Recognition/dataset_download/data/Test/Cm/Cm_acoustic_guitar_fende r_fa_series_test_6.wav
Fm_acoustic_guitar_fender_fa_series_4.wav,/Users/richardtairouz/Downloads/Guitar_Chord_Recognition/dataset_download/data/Train/Fm/Fm_acoustic_guitar_fender_fa_series_4.wav
A#m_acoustic_guitar_fender_fa_series_test_23.wav,/Users/richardtairouz/Downloads/Guitar_Chord_Recognition/dataset_download/data/Train/A#m/A#m_acoustic_guitar_fender_fa_series_test_23.wav
Hm_acoustic_guitar_fender_fa_series_12.wav,/Users/richardtairouz/Downloads/Guitar_Chord_Recognition/dataset_download/data/Train/Bm/Hm_acoustic_guitar_fender_fa_series_12.wav
D#_acoustic_guitar_fender_fa_series_15.wav,/Users/richardtairouz/Downloads/Guitar_Chord_Recognition/dataset_download/data/Train/D#/D#_acoustic_guitar_fender_fa_series_15.wav
D_acoustic_guitar_fender_fa_series_test_1.wav,/Users/richardtairouz/Downloads/Guitar_Chord_Recognition/dataset_download/data/Test/D/D_acoustic_guitar_fender_fa_series_test_1.wav
G#_acoustic_guitar_fender_f a_series_3.wav,/Users/richardtairouz/Downloads/Guitar_Chord_Recognition/dataset_download/data/Train/G#/G#_acoustic_guitar_fender_f a_series_3.wav
E_acoustic_guitar_fender_fa_series_15.wav,/Users/richardtairouz/Downloads/Guitar_Chord_Recognition/dataset_download/data/Train/E/E_acoustic_guitar_fender_fa_series_15.wav
G#m_acoustic_guitar_fender_fa_series_10.wav,/Users/richardtairouz/Downloads/Guitar_Chord_Recognition/dataset_download/data/Train/G#m/G#m_acoustic_guitar_fender_fa_series_10.wav
C_acoustic_guitar_fender_fa_series_13.wav,/Users/richardtairouz/Downloads/Guitar_Chord_Recognition/dataset_download/data/Train/C/C_acoustic_guitar_fender_fa_series_13.wav
G#m_acoustic_guitar_fender_fa_series_20.wav,/Users/richardtairouz/Downloads/Guitar_Chord_Recognition/dataset_download/data/Train/G#m/G#m_acoustic_guitar_fender_fa_series_20.wav
Hm_acoustic_guitar_fender_fa_series_20.wav,/Users/richardtairouz/Downloads/Guitar_Chord_Recognition/dataset_download/data/Train/Bm/Hm_acoustic_guitar_fender_fa_series_20.wav
Em_acoustic_guitar_fender_fa_series_25.wav,/Users/richardtairouz/Downloads/Guitar_Chord_Recognition/dataset_download/data/Train/Em/Em_acoustic_guitar_fender_fa_series_25.wav
G#_acoustic_guitar_fender_fa_series_test_3.wav,/Users/richardtairouz/Downloads/Guitar_Chord_Recognition/dataset_download/data/Test/G#/G#_acoustic_guitar_fender_fa_series_test_3.wav
Dm_acoustic_guitar_fender_fa_series_5.wav,/Users/richardtairouz/Downloads/Guitar_Chord_Recognition/dataset_download/data/Train/Dm/Dm_acoustic_guitar_fender_fa_series_5.wav
F#_acoustic_guitar_fender_fa_series_test_1.wav,/Users/richardtairouz/Downloads/Guitar_Chord_Recognition/dataset_download/data/Test/F#/F#_acoustic_guitar_fender_fa_series_test_1.wav
G#_acoustic_guitar_fender_fa_series_test_4.wav,/Users/richardtairouz/Downloads/Guitar_Chord_Recognition/dataset_download/data/Test/G#/G#_acoustic_guitar_fender_fa_series_test_4.wav
A_acoustic_guitar_fender_fa_series_20.wav,/Users/richardtairouz/Downloads/Guitar_Chord_Recognition/dataset_download/data/Train/A/A_acoustic_guitar_fender_fa_series_20.wav
Cm_acoustic_guitar_fender_fa_series_7.wav,/Users/richardtairouz/Downloads/Guitar_Chord_Recognition/dataset_download/data/Train/Cm/Cm_acoustic_guitar_fender_fa_series_7.wav
F#m_acoustic_guitar_fender_fa_series_5.wav,/Users/richardtairouz/Downloads/Guitar_Chord_Recognition/dataset_download/data/Train/F#m/F#m_acoustic_guitar_fender_fa_series_5.wav
A#_acoustic_guitar_fender_fa_series_24.wav,/Users/richardtairouz/Downloads/Guitar_Chord_Recognition/dataset_download/data/Train/A#/A#_acoustic_guitar_fender_fa_series_24.wav
Cm_acoustic_guitar_fende r_fa_series_test_5.wav,/Users/richardtairouz/Downloads/Guitar_Chord_Recognition/dataset_download/data/Test/Cm/Cm_acoustic_guitar_fende r_fa_series_test_5.wav
D#_acoustic_guitar_fender_fa_series_14.wav,/Users/richardtairouz/Downloads/Guitar_Chord_Recognition/dataset_download/data/Train/D#/D#_acoustic_guitar_fender_fa_series_14.wav
G#m_acoustic_guitar_fender_fa_series_7.wav,/Users/richardtairouz/Downloads/Guitar_Chord_Recognition/dataset_download/data/Train/G#m/G#m_acoustic_guitar_fender_fa_series_7.wav
D_acoustic_guitar_fender_fa_series_test_4.wav,/Users/richardtairouz/Downloads/Guitar_Chord_Recognition/dataset_download/data/Test/D/D_acoustic_guitar_fender_fa_series_test_4.wav
F#m_acoustic_guitar_fender_fa_series_test_4.wav,/Users/richardtairouz/Downloads/Guitar_Chord_Recognition/dataset_download/data/Test/F#m/F#m_acoustic_guitar_fender_fa_series_test_4.wav
F#_acoustic_guitar_fender_f a_series_12.wav,/Users/richardtairouz/Downloads/Guitar_Chord_Recognition/dataset_download/data/Train/F#/F#_acoustic_guitar_fender_f a_series_12.wav
F_acoustic_guitar_fender_ fa_series_25.wav,/Users/richardtairouz/Downloads/Guitar_Chord_Recognition/dataset_download/data/Train/F/F_acoustic_guitar_fender_ fa_series_25.wav
A#_acoustic_guitar_fender_fa_series_4.wav,/Users/richardtairouz/Downloads/Guitar_Chord_Recognition/dataset_download/data/Train/A#/A#_acoustic_guitar_fender_fa_series_4.wav
G#m_acoustic_guitar_fender_fa_series_9.wav,/Users/richardtairouz/Downloads/Guitar_Chord_Recognition/dataset_download/data/Train/G#m/G#m_acoustic_guitar_fender_fa_series_9.wav
F#m_acoustic_guitar_fender_fa_series_12.wav,/Users/richardtairouz/Downloads/Guitar_Chord_Recognition/dataset_download/data/Train/F#m/F#m_acoustic_guitar_fender_fa_series_12.wav
Dm_acoustic_guitar_fender_fa_series_23.wav,/Users/richardtairouz/Downloads/Guitar_Chord_Recognition/dataset_download/data/Train/Dm/Dm_acoustic_guitar_fender_fa_series_23.wav
noise train.wav,/Users/richardtairouz/Downloads/Guitar_Chord_Recognition/dataset_download/data/Train/Noise/noise train.wav
B_acoustic_guitar_fender_fa_series_18.wav,/Users/richardtairouz/Downloads/Guitar_Chord_Recognition/dataset_download/data/Train/B/B_acoustic_guitar_fender_fa_series_18.wav
A#_acoustic_guitar_fender_fa_series_21.wav,/Users/richardtairouz/Downloads/Guitar_Chord_Recognition/dataset_download/data/Train/A#/A#_acoustic_guitar_fender_fa_series_21.wav
F_acoustic_guitar_fender_ fa_series_test_5.wav,/Users/richardtairouz/Downloads/Guitar_Chord_Recognition/dataset_download/data/Test/F/F_acoustic_guitar_fender_ fa_series_test_5.wav
C_acoustic_guitar_fender_fa_series_23.wav,/Users/richardtairouz/Downloads/Guitar_Chord_Recognition/dataset_download/data/Train/C/C_acoustic_guitar_fender_fa_series_23.wav
F#_acoustic_guitar_fender_f a_series_2.wav,/Users/richardtairouz/Downloads/Guitar_Chord_Recognition/dataset_download/data/Train/F#/F#_acoustic_guitar_fender_f a_series_2.wav
Cm_acoustic_guitar_fende r_fa_series_test_3.wav,/Users/richardtairouz/Downloads/Guitar_Chord_Recognition/dataset_download/data/Test/Cm/Cm_acoustic_guitar_fende r_fa_series_test_3.wav
G_acoustic_guitar_fender_ fa_series_17.wav,/Users/richardtairouz/Downloads/Guitar_Chord_Recognition/dataset_download/data/Train/G/G_acoustic_guitar_fender_ fa_series_17.wav
Am_acoustic_guitar_fender_fa_series_25.wav,/Users/richardtairouz/Downloads/Guitar_Chord_Recognition/dataset_download/data/Train/Am/Am_acoustic_guitar_fender_fa_series_25.wav
D_acoustic_guitar_fender_f a_series_14.wav,/Users/richardtairouz/Downloads/Guitar_Chord_Recognition/dataset_download/data/Train/D/D_acoustic_guitar_fender_f a_series_14.wav
A#m_acoustic_guitar_fender_fa_series_test_6.wav,/Users/richardtairouz/Downloads/Guitar_Chord_Recognition/dataset_download/data/Train/A#m/A#m_acoustic_guitar_fender_fa_series_test_6.wav
F#m_acoustic_guitar_fender_fa_series_test_6.wav,/Users/richardtairouz/Downloads/Guitar_Chord_Recognition/dataset_download/data/Test/F#m/F#m_acoustic_guitar_fender_fa_series_test_6.wav
F_acoustic_guitar_fender_ fa_series_test_1.wav,/Users/richardtairouz/Downloads/Guitar_Chord_Recognition/dataset_download/data/Test/F/F_acoustic_guitar_fender_ fa_series_test_1.wav
A_acoustic_guitar_fender_fa_series_24.wav,/Users/richardtairouz/Downloads/Guitar_Chord_Recognition/dataset_download/data/Train/A/A_acoustic_guitar_fender_fa_series_24.wav
G#_acoustic_guitar_fender_fa_series_22.wav,/Users/richardtairouz/Downloads/Guitar_Chord_Recognition/dataset_download/data/Train/G#/G#_acoustic_guitar_fender_fa_series_22.wav
G#_acoustic_guitar_fender_f a_series_2.wav,/Users/richardtairouz/Downloads/Guitar_Chord_Recognition/dataset_download/data/Train/G#/G#_acoustic_guitar_fender_f a_series_2.wav
A#m_acoustic_guitar_fender_fa_series_test_14.wav,/Users/richardtairouz/Downloads/Guitar_Chord_Recognition/dataset_download/data/Train/A#m/A#m_acoustic_guitar_fender_fa_series_test_14.wav
F_acoustic_guitar_fender_ fa_series_15.wav,/Users/richardtairouz/Downloads/Guitar_Chord_Recognition/dataset_download/data/Train/F/F_acoustic_guitar_fender_ fa_series_15.wav
C#m_acoustic_guitar_fender_fa_series_16.wav,/Users/richardtairouz/Downloads/Guitar_Chord_Recognition/dataset_download/data/Train/C#m/C#m_acoustic_guitar_fender_fa_series_16.wav
Dm_acoustic_guitar_fender_fa_series_13.wav,/Users/richardtairouz/Downloads/Guitar_Chord_Recognition/dataset_download/data/Train/Dm/Dm_acoustic_guitar_fender_fa_series_13.wav
Am_acoustic_guitar_fender_fa_series_24.wav,/Users/richardtairouz/Downloads/Guitar_Chord_Recognition/dataset_download/data/Train/Am/Am_acoustic_guitar_fender_fa_series_24.wav
C_acoustic_guitar_fender_fa_series_2.wav,/Users/richardtairouz/Downloads/Guitar_Chord_Recognition/dataset_download/data/Train/C/C_acoustic_guitar_fender_fa_series_2.wav
C#_acoustic_guitar_fender_fa_series_24.wav,/Users/richardtairouz/Downloads/Guitar_Chord_Recognition/dataset_download/data/Train/C#/C#_acoustic_guitar_fender_fa_series_24.wav
B_acoustic_guitar_fender_fa_series_25.wav,/Users/richardtairouz/Downloads/Guitar_Chord_Recognition/dataset_download/data/Train/B/B_acoustic_guitar_fender_fa_series_25.wav
A#m_acoustic_guitar_fender_fa_series_test_8.wav,/Users/richardtairouz/Downloads/Guitar_Chord_Recognition/dataset_download/data/Train/A#m/A#m_acoustic_guitar_fender_fa_series_test_8.wav
C#_acoustic_guitar_fender_fa_series_test_4.wav,/Users/richardtairouz/Downloads/Guitar_Chord_Recognition/dataset_download/data/Test/C#/C#_acoustic_guitar_fender_fa_series_test_4.wav
G#_acoustic_guitar_fender_f a_series_9.wav,/Users/richardtairouz/Downloads/Guitar_Chord_Recognition/dataset_download/data/Train/G#/G#_acoustic_guitar_fender_f a_series_9.wav
D#_acoustic_guitar_fender_fa_series_21.wav,/Users/richardtairouz/Downloads/Guitar_Chord_Recognition/dataset_download/data/Train/D#/D#_acoustic_guitar_fender_fa_series_21.wav
A_acoustic_guitar_fender_fa_series_18.wav,/Users/richardtairouz/Downloads/Guitar_Chord_Recognition/dataset_download/data/Train/A/A_acoustic_guitar_fender_fa_series_18.wav
F#m_acoustic_guitar_fender_fa_series_9.wav,/Users/richardtairouz/Downloads/Guitar_Chord_Recognition/dataset_download/data/Train/F#m/F#m_acoustic_guitar_fender_fa_series_9.wav
Gm_acoustic_guitar_fender_fa_series_16.wav,/Users/richardtairouz/Downloads/Guitar_Chord_Recognition/dataset_download/data/Train/Gm/Gm_acoustic_guitar_fender_fa_series_16.wav
Am_acoustic_guitar_fender_fa_series_16.wav,/Users/richardtairouz/Downloads/Guitar_Chord_Recognition/dataset_download/data/Train/Am/Am_acoustic_guitar_fender_fa_series_16.wav
A#_acoustic_guitar_fender_fa_series_test_2.wav,/Users/richardtairouz/Downloads/Guitar_Chord_Recognition/dataset_download/data/Test/A#/A#_acoustic_guitar_fender_fa_series_test_2.wav
G#m_acoustic_guitar_fender_fa_series_4.wav,/Users/richardtairouz/Downloads/Guitar_Chord_Recognition/dataset_download/data/Train/G#m/G#m_acoustic_guitar_fender_fa_series_4.wav
Gm_acoustic_guitar_fender_fa_series_21.wav,/Users/richardtairouz/Downloads/Guitar_Chord_Recognition/dataset_download/data/Train/Gm/Gm_acoustic_guitar_fender_fa_series_21.wav
A_acoustic_guitar_fender_fa_series_13.wav,/Users/richardtairouz/Downloads/Guitar_Chord_Recognition/dataset_download/data/Train/A/A_acoustic_guitar_fender_fa_series_13.wav
E_acoustic_guitar_fender_fa_series_test_2.wav,/Users/richardtairouz/Downloads/Guitar_Chord_Recognition/dataset_download/data/Test/E/E_acoustic_guitar_fender_fa_series_test_2.wav
Cm_acoustic_guitar_fender_fa_series_6.wav,/Users/richardtairouz/Downloads/Guitar_Chord_Recognition/dataset_download/data/Train/Cm/Cm_acoustic_guitar_fender_fa_series_6.wav
A#_acoustic_guitar_fender_fa_series_25.wav,/Users/richardtairouz/Downloads/Guitar_Chord_Recognition/dataset_download/data/Train/A#/A#_acoustic_guitar_fender_fa_series_25.wav
G#m_acoustic_guitar_fender_fa_series_21.wav,/Users/richardtairouz/Downloads/Guitar_Chord_Recognition/dataset_download/data/Train/G#m/G#m_acoustic_guitar_fender_fa_series_21.wav
Dm_acoustic_guitar_fender_fa_series_24.wav,/Users/richardtairouz/Downloads/Guitar_Chord_Recognition/dataset_download/data/Train/Dm/Dm_acoustic_guitar_fender_fa_series_24.wav
A_acoustic_guitar_fender_fa_series_test_4.wav,/Users/richardtairouz/Downloads/Guitar_Chord_Recognition/dataset_download/data/Test/A/A_acoustic_guitar_fender_fa_series_test_4.wav
B_acoustic_guitar_fender_fa_series_test_4.wav,/Users/richardtairouz/Downloads/Guitar_Chord_Recognition/dataset_download/data/Test/B/B_acoustic_guitar_fender_fa_series_test_4.wav
Dm_acoustic_guitar_fender_fa_series_test_1.wav,/Users/richardtairouz/Downloads/Guitar_Chord_Recognition/dataset_download/data/Test/Dm/Dm_acoustic_guitar_fender_fa_series_test_1.wav
Cm_acoustic_guitar_fender_fa_series_11.wav,/Users/richardtairouz/Downloads/Guitar_Chord_Recognition/dataset_download/data/Train/Cm/Cm_acoustic_guitar_fender_fa_series_11.wav
C#m_acoustic_guitar_fende r_fa_series_test_4.wav,/Users/richardtairouz/Downloads/Guitar_Chord_Recognition/dataset_download/data/Test/C#m/C#m_acoustic_guitar_fende r_fa_series_test_4.wav
D_acoustic_guitar_fender_f a_series_18.wav,/Users/richardtairouz/Downloads/Guitar_Chord_Recognition/dataset_download/data/Train/D/D_acoustic_guitar_fender_f a_series_18.wav
D_acoustic_guitar_fender_f a_series_19.wav,/Users/richardtairouz/Downloads/Guitar_Chord_Recognition/dataset_download/data/Train/D/D_acoustic_guitar_fender_f a_series_19.wav
Em_acoustic_guitar_fender_fa_series_22.wav,/Users/richardtairouz/Downloads/Guitar_Chord_Recognition/dataset_download/data/Train/Em/Em_acoustic_guitar_fender_fa_series_22.wav
Dm_acoustic_guitar_fender_fa_series_22.wav,/Users/richardtairouz/Downloads/Guitar_Chord_Recognition/dataset_download/data/Train/Dm/Dm_acoustic_guitar_fender_fa_series_22.wav
E_acoustic_guitar_fender_fa_series_3.wav,/Users/richardtairouz/Downloads/Guitar_Chord_Recognition/dataset_download/data/Train/E/E_acoustic_guitar_fender_fa_series_3.wav
C_acoustic_guitar_fender_fa_series_test_4.wav,/Users/richardtairouz/Downloads/Guitar_Chord_Recognition/dataset_download/data/Test/C/C_acoustic_guitar_fender_fa_series_test_4.wav
A_acoustic_guitar_fender_fa_series_test_6.wav,/Users/richardtairouz/Downloads/Guitar_Chord_Recognition/dataset_download/data/Test/A/A_acoustic_guitar_fender_fa_series_test_6.wav
AM_hard_rock_garage_band_3.wav,/Users/richardtairouz/Downloads/Guitar_Chord_Recognition/dataset_download/data/Train/Am/AM_hard_rock_garage_band_3.wav
C#_acoustic_guitar_fender_fa_series_22.wav,/Users/richardtairouz/Downloads/Guitar_Chord_Recognition/dataset_download/data/Train/C#/C#_acoustic_guitar_fender_fa_series_22.wav
F#m_acoustic_guitar_fender_fa_series_21.wav,/Users/richardtairouz/Downloads/Guitar_Chord_Recognition/dataset_download/data/Train/F#m/F#m_acoustic_guitar_fender_fa_series_21.wav
G_acoustic_guitar_fender_ fa_series_20.wav,/Users/richardtairouz/Downloads/Guitar_Chord_Recognition/dataset_download/data/Train/G/G_acoustic_guitar_fender_ fa_series_20.wav
F#_acoustic_guitar_fender_f a_series_1.wav,/Users/richardtairouz/Downloads/Guitar_Chord_Recognition/dataset_download/data/Train/F#/F#_acoustic_guitar_fender_f a_series_1.wav
AM_acoustic_guitar_garage_band_5.wav,/Users/richardtairouz/Downloads/Guitar_Chord_Recognition/dataset_download/data/Train/Am/AM_acoustic_guitar_garage_band_5.wav
Em_acoustic_guitar_fender_fa_series_test_2.wav,/Users/richardtairouz/Downloads/Guitar_Chord_Recognition/dataset_download/data/Test/Em/Em_acoustic_guitar_fender_fa_series_test_2.wav
A#m_acoustic_guitar_fender_fa_series_test_7.wav,/Users/richardtairouz/Downloads/Guitar_Chord_Recognition/dataset_download/data/Train/A#m/A#m_acoustic_guitar_fender_fa_series_test_7.wav
G_acoustic_guitar_fender_ fa_series_3.wav,/Users/richardtairouz/Downloads/Guitar_Chord_Recognition/dataset_download/data/Train/G/G_acoustic_guitar_fender_ fa_series_3.wav
C_acoustic_guitar_fender_fa_series_4.wav,/Users/richardtairouz/Downloads/Guitar_Chord_Recognition/dataset_download/data/Train/C/C_acoustic_guitar_fender_fa_series_4.wav
F_acoustic_guitar_fender_ fa_series_5.wav,/Users/richardtairouz/Downloads/Guitar_Chord_Recognition/dataset_download/data/Train/F/F_acoustic_guitar_fender_ fa_series_5.wav
G#_acoustic_guitar_fender_f a_series_11.wav,/Users/richardtairouz/Downloads/Guitar_Chord_Recognition/dataset_download/data/Train/G#/G#_acoustic_guitar_fender_f a_series_11.wav
B_acoustic_guitar_fender_fa_series_test_2.wav,/Users/richardtairouz/Downloads/Guitar_Chord_Recognition/dataset_download/data/Test/B/B_acoustic_guitar_fender_fa_series_test_2.wav
C_acoustic_guitar_fender_fa_series_10.wav,/Users/richardtairouz/Downloads/Guitar_Chord_Recognition/dataset_download/data/Train/C/C_acoustic_guitar_fender_fa_series_10.wav
C#_acoustic_guitar_fender_fa_series_15.wav,/Users/richardtairouz/Downloads/Guitar_Chord_Recognition/dataset_download/data/Train/C#/C#_acoustic_guitar_fender_fa_series_15.wav
F#_acoustic_guitar_fender_f a_series_8.wav,/Users/richardtairouz/Downloads/Guitar_Chord_Recognition/dataset_download/data/Train/F#/F#_acoustic_guitar_fender_f a_series_8.wav
Am_acoustic_guitar_fender_fa_series_17.wav,/Users/richardtairouz/Downloads/Guitar_Chord_Recognition/dataset_download/data/Train/Am/Am_acoustic_guitar_fender_fa_series_17.wav
Gm_acoustic_guitar_fender_fa_series_test_3.wav,/Users/richardtairouz/Downloads/Guitar_Chord_Recognition/dataset_download/data/Test/Gm/Gm_acoustic_guitar_fender_fa_series_test_3.wav
Bm_acoustic_guitar_fender_fa_series_8.wav,/Users/richardtairouz/Downloads/Guitar_Chord_Recognition/dataset_download/data/Test/Bm/Bm_acoustic_guitar_fender_fa_series_8.wav
Gm_acoustic_guitar_fender_fa_series_7.wav,/Users/richardtairouz/Downloads/Guitar_Chord_Recognition/dataset_download/data/Train/Gm/Gm_acoustic_guitar_fender_fa_series_7.wav
D#m_acoustic_guitar_fender_fa_series_test_3.wav,/Users/richardtairouz/Downloads/Guitar_Chord_Recognition/dataset_download/data/Test/D#m/D#m_acoustic_guitar_fender_fa_series_test_3.wav
E_acoustic_guitar_fender_fa_series_19.wav,/Users/richardtairouz/Downloads/Guitar_Chord_Recognition/dataset_download/data/Train/E/E_acoustic_guitar_fender_fa_series_19.wav
C_acoustic_guitar_fender_fa_series_24.wav,/Users/richardtairouz/Downloads/Guitar_Chord_Recognition/dataset_download/data/Train/C/C_acoustic_guitar_fender_fa_series_24.wav
Gm_acoustic_guitar_fender_fa_series_test_5.wav,/Users/richardtairouz/Downloads/Guitar_Chord_Recognition/dataset_download/data/Test/Gm/Gm_acoustic_guitar_fender_fa_series_test_5.wav
Gm_acoustic_guitar_fender_fa_series_test_1.wav,/Users/richardtairouz/Downloads/Guitar_Chord_Recognition/dataset_download/data/Test/Gm/Gm_acoustic_guitar_fender_fa_series_test_1.wav
Em_acoustic_guitar_fender_fa_series_12.wav,/Users/richardtairouz/Downloads/Guitar_Chord_Recognition/dataset_download/data/Train/Em/Em_acoustic_guitar_fender_fa_series_12.wav
D#_acoustic_guitar_fender_fa_series_7.wav,/Users/richardtairouz/Downloads/Guitar_Chord_Recognition/dataset_download/data/Train/D#/D#_acoustic_guitar_fender_fa_series_7.wav
A#m_acoustic_guitar_fender_fa_series_test_10.wav,/Users/richardtairouz/Downloads/Guitar_Chord_Recognition/dataset_download/data/Train/A#m/A#m_acoustic_guitar_fender_fa_series_test_10.wav
D#m_acoustic_guitar_fender_fa_series_15.wav,/Users/richardtairouz/Downloads/Guitar_Chord_Recognition/dataset_download/data/Train/D#m/D#m_acoustic_guitar_fender_fa_series_15.wav
G#_acoustic_guitar_fender_f a_series_10.wav,/Users/richardtairouz/Downloads/Guitar_Chord_Recognition/dataset_download/data/Train/G#/G#_acoustic_guitar_fender_f a_series_10.wav
Cm_acoustic_guitar_fender_fa_series_4.wav,/Users/richardtairouz/Downloads/Guitar_Chord_Recognition/dataset_download/data/Train/Cm/Cm_acoustic_guitar_fender_fa_series_4.wav
C_acoustic_guitar_fender_fa_series_1.wav,/Users/richardtairouz/Downloads/Guitar_Chord_Recognition/dataset_download/data/Train/C/C_acoustic_guitar_fender_fa_series_1.wav
C#_acoustic_guitar_fender_fa_series_test_6.wav,/Users/richardtairouz/Downloads/Guitar_Chord_Recognition/dataset_download/data/Test/C#/C#_acoustic_guitar_fender_fa_series_test_6.wav
Am_acoustic_guitar_fender_fa_series_13.wav,/Users/richardtairouz/Downloads/Guitar_Chord_Recognition/dataset_download/data/Train/Am/Am_acoustic_guitar_fender_fa_series_13.wav
B_acoustic_guitar_fender_fa_series_2.wav,/Users/richardtairouz/Downloads/Guitar_Chord_Recognition/dataset_download/data/Train/B/B_acoustic_guitar_fender_fa_series_2.wav
G#m_acoustic_guitar_fender_fa_series_test_3.wav,/Users/richardtairouz/Downloads/Guitar_Chord_Recognition/dataset_download/data/Test/G#m/G#m_acoustic_guitar_fender_fa_series_test_3.wav
D_acoustic_guitar_fender_f a_series_20.wav,/Users/richardtairouz/Downloads/Guitar_Chord_Recognition/dataset_download/data/Train/D/D_acoustic_guitar_fender_f a_series_20.wav
G#m_acoustic_guitar_fender_fa_series_25.wav,/Users/richardtairouz/Downloads/Guitar_Chord_Recognition/dataset_download/data/Train/G#m/G#m_acoustic_guitar_fender_fa_series_25.wav
G#m_acoustic_guitar_fender_fa_series_test_5.wav,/Users/richardtairouz/Downloads/Guitar_Chord_Recognition/dataset_download/data/Test/G#m/G#m_acoustic_guitar_fender_fa_series_test_5.wav
B_acoustic_guitar_fender_fa_series_9.wav,/Users/richardtairouz/Downloads/Guitar_Chord_Recognition/dataset_download/data/Train/B/B_acoustic_guitar_fender_fa_series_9.wav
Gm_acoustic_guitar_fender_fa_series_24.wav,/Users/richardtairouz/Downloads/Guitar_Chord_Recognition/dataset_download/data/Train/Gm/Gm_acoustic_guitar_fender_fa_series_24.wav
Em_acoustic_guitar_fender_fa_series_test_6.wav,/Users/richardtairouz/Downloads/Guitar_Chord_Recognition/dataset_download/data/Test/Em/Em_acoustic_guitar_fender_fa_series_test_6.wav
Dm_acoustic_guitar_fender_fa_series_3.wav,/Users/richardtairouz/Downloads/Guitar_Chord_Recognition/dataset_download/data/Train/Dm/Dm_acoustic_guitar_fender_fa_series_3.wav
G#_acoustic_guitar_fender_fa_series_23.wav,/Users/richardtairouz/Downloads/Guitar_Chord_Recognition/dataset_download/data/Train/G#/G#_acoustic_guitar_fender_fa_series_23.wav
B_acoustic_guitar_fender_fa_series_test_3.wav,/Users/richardtairouz/Downloads/Guitar_Chord_Recognition/dataset_download/data/Test/B/B_acoustic_guitar_fender_fa_series_test_3.wav
E_acoustic_guitar_fender_fa_series_11.wav,/Users/richardtairouz/Downloads/Guitar_Chord_Recognition/dataset_download/data/Train/E/E_acoustic_guitar_fender_fa_series_11.wav
C#_acoustic_guitar_fender_fa_series_9.wav,/Users/richardtairouz/Downloads/Guitar_Chord_Recognition/dataset_download/data/Train/C#/C#_acoustic_guitar_fender_fa_series_9.wav
G#m_acoustic_guitar_fender_fa_series_18.wav,/Users/richardtairouz/Downloads/Guitar_Chord_Recognition/dataset_download/data/Train/G#m/G#m_acoustic_guitar_fender_fa_series_18.wav
C#m_acoustic_guitar_fender_fa_series_5.wav,/Users/richardtairouz/Downloads/Guitar_Chord_Recognition/dataset_download/data/Train/C#m/C#m_acoustic_guitar_fender_fa_series_5.wav
Em_acoustic_guitar_fender_fa_series_16.wav,/Users/richardtairouz/Downloads/Guitar_Chord_Recognition/dataset_download/data/Train/Em/Em_acoustic_guitar_fender_fa_series_16.wav
C_acoustic_guitar_fender_fa_series_14.wav,/Users/richardtairouz/Downloads/Guitar_Chord_Recognition/dataset_download/data/Train/C/C_acoustic_guitar_fender_fa_series_14.wav
D#_acoustic_guitar_fender_fa_series_test_6.wav,/Users/richardtairouz/Downloads/Guitar_Chord_Recognition/dataset_download/data/Test/D#/D#_acoustic_guitar_fender_fa_series_test_6.wav
Dm_acoustic_guitar_fender_fa_series_test_2.wav,/Users/richardtairouz/Downloads/Guitar_Chord_Recognition/dataset_download/data/Test/Dm/Dm_acoustic_guitar_fender_fa_series_test_2.wav
C#_acoustic_guitar_fender_fa_series_6.wav,/Users/richardtairouz/Downloads/Guitar_Chord_Recognition/dataset_download/data/Train/C#/C#_acoustic_guitar_fender_fa_series_6.wav
A_acoustic_guitar_fender_fa_series_test_5.wav,/Users/richardtairouz/Downloads/Guitar_Chord_Recognition/dataset_download/data/Test/A/A_acoustic_guitar_fender_fa_series_test_5.wav
A_acoustic_guitar_fender_fa_series_test_3.wav,/Users/richardtairouz/Downloads/Guitar_Chord_Recognition/dataset_download/data/Test/A/A_acoustic_guitar_fender_fa_series_test_3.wav
Em_acoustic_guitar_fender_fa_series_test_4.wav,/Users/richardtairouz/Downloads/Guitar_Chord_Recognition/dataset_download/data/Test/Em/Em_acoustic_guitar_fender_fa_series_test_4.wav
Hm_acoustic_guitar_fender_fa_series_5.wav,/Users/richardtairouz/Downloads/Guitar_Chord_Recognition/dataset_download/data/Train/Bm/Hm_acoustic_guitar_fender_fa_series_5.wav
A#_acoustic_guitar_fender_fa_series_11.wav,/Users/richardtairouz/Downloads/Guitar_Chord_Recognition/dataset_download/data/Train/A#/A#_acoustic_guitar_fender_fa_series_11.wav
G#_acoustic_guitar_fender_fa_series_14.wav,/Users/richardtairouz/Downloads/Guitar_Chord_Recognition/dataset_download/data/Train/G#/G#_acoustic_guitar_fender_fa_series_14.wav
F_acoustic_guitar_fender_ fa_series_20.wav,/Users/richardtairouz/Downloads/Guitar_Chord_Recognition/dataset_download/data/Train/F/F_acoustic_guitar_fender_ fa_series_20.wav
C#m_acoustic_guitar_fender_fa_series_11.wav,/Users/richardtairouz/Downloads/Guitar_Chord_Recognition/dataset_download/data/Train/C#m/C#m_acoustic_guitar_fender_fa_series_11.wav
Hm_acoustic_guitar_fender_fa_series_23.wav,/Users/richardtairouz/Downloads/Guitar_Chord_Recognition/dataset_download/data/Train/Bm/Hm_acoustic_guitar_fender_fa_series_23.wav
A#_acoustic_guitar_fender_fa_series_9.wav,/Users/richardtairouz/Downloads/Guitar_Chord_Recognition/dataset_download/data/Train/A#/A#_acoustic_guitar_fender_fa_series_9.wav
F#_acoustic_guitar_fender_f a_series_23.wav,/Users/richardtairouz/Downloads/Guitar_Chord_Recognition/dataset_download/data/Train/F#/F#_acoustic_guitar_fender_f a_series_23.wav
F_acoustic_guitar_fender_ fa_series_6.wav,/Users/richardtairouz/Downloads/Guitar_Chord_Recognition/dataset_download/data/Train/F/F_acoustic_guitar_fender_ fa_series_6.wav
D#_acoustic_guitar_fender_fa_series_24.wav,/Users/richardtairouz/Downloads/Guitar_Chord_Recognition/dataset_download/data/Train/D#/D#_acoustic_guitar_fender_fa_series_24.wav
C#m_acoustic_guitar_fender_fa_series_7.wav,/Users/richardtairouz/Downloads/Guitar_Chord_Recognition/dataset_download/data/Train/C#m/C#m_acoustic_guitar_fender_fa_series_7.wav
F#_acoustic_guitar_fender_f a_series_7.wav,/Users/richardtairouz/Downloads/Guitar_Chord_Recognition/dataset_download/data/Train/F#/F#_acoustic_guitar_fender_f a_series_7.wav
Cm_acoustic_guitar_fender_fa_series_23.wav,/Users/richardtairouz/Downloads/Guitar_Chord_Recognition/dataset_download/data/Train/Cm/Cm_acoustic_guitar_fender_fa_series_23.wav
A#m_acoustic_guitar_fender_fa_series_test_3.wav,/Users/richardtairouz/Downloads/Guitar_Chord_Recognition/dataset_download/data/Train/A#m/A#m_acoustic_guitar_fender_fa_series_test_3.wav
C#m_acoustic_guitar_fender_fa_series_14.wav,/Users/richardtairouz/Downloads/Guitar_Chord_Recognition/dataset_download/data/Train/C#m/C#m_acoustic_guitar_fender_fa_series_14.wav
E_hard_rock_garage_band_2.wav,/Users/richardtairouz/Downloads/Guitar_Chord_Recognition/dataset_download/data/Train/E/E_hard_rock_garage_band_2.wav
C#_acoustic_guitar_fender_fa_series_25.wav,/Users/richardtairouz/Downloads/Guitar_Chord_Recognition/dataset_download/data/Train/C#/C#_acoustic_guitar_fender_fa_series_25.wav
C#m_acoustic_guitar_fender_fa_series_3.wav,/Users/richardtairouz/Downloads/Guitar_Chord_Recognition/dataset_download/data/Train/C#m/C#m_acoustic_guitar_fender_fa_series_3.wav
D#m_acoustic_guitar_fender_fa_series_25.wav,/Users/richardtairouz/Downloads/Guitar_Chord_Recognition/dataset_download/data/Train/D#m/D#m_acoustic_guitar_fender_fa_series_25.wav
Gm_acoustic_guitar_fender_fa_series_14.wav,/Users/richardtairouz/Downloads/Guitar_Chord_Recognition/dataset_download/data/Train/Gm/Gm_acoustic_guitar_fender_fa_series_14.wav
D#_acoustic_guitar_fender_fa_series_test_5.wav,/Users/richardtairouz/Downloads/Guitar_Chord_Recognition/dataset_download/data/Test/D#/D#_acoustic_guitar_fender_fa_series_test_5.wav
Fm_acoustic_guitar_fender_fa_series_5.wav,/Users/richardtairouz/Downloads/Guitar_Chord_Recognition/dataset_download/data/Train/Fm/Fm_acoustic_guitar_fender_fa_series_5.wav
AM_classic_clean_garage_band_4.wav,/Users/richardtairouz/Downloads/Guitar_Chord_Recognition/dataset_download/data/Train/Am/AM_classic_clean_garage_band_4.wav
E_acoustic_guitar_fender_fa_series_test_4.wav,/Users/richardtairouz/Downloads/Guitar_Chord_Recognition/dataset_download/data/Test/E/E_acoustic_guitar_fender_fa_series_test_4.wav
G#m_acoustic_guitar_fender_fa_series_17.wav,/Users/richardtairouz/Downloads/Guitar_Chord_Recognition/dataset_download/data/Train/G#m/G#m_acoustic_guitar_fender_fa_series_17.wav
D#_acoustic_guitar_fender_fa_series_test_4.wav,/Users/richardtairouz/Downloads/Guitar_Chord_Recognition/dataset_download/data/Test/D#/D#_acoustic_guitar_fender_fa_series_test_4.wav
A#_acoustic_guitar_fender_fa_series_19.wav,/Users/richardtairouz/Downloads/Guitar_Chord_Recognition/dataset_download/data/Train/A#/A#_acoustic_guitar_fender_fa_series_19.wav
Dm_acoustic_guitar_fender_fa_series_14.wav,/Users/richardtairouz/Downloads/Guitar_Chord_Recognition/dataset_download/data/Train/Dm/Dm_acoustic_guitar_fender_fa_series_14.wav
B_acoustic_guitar_fender_fa_series_16.wav,/Users/richardtairouz/Downloads/Guitar_Chord_Recognition/dataset_download/data/Train/B/B_acoustic_guitar_fender_fa_series_16.wav
Hm_acoustic_guitar_fender_fa_series_8.wav,/Users/richardtairouz/Downloads/Guitar_Chord_Recognition/dataset_download/data/Train/Bm/Hm_acoustic_guitar_fender_fa_series_8.wav
Cm_acoustic_guitar_fende r_fa_series_test_2.wav,/Users/richardtairouz/Downloads/Guitar_Chord_Recognition/dataset_download/data/Test/Cm/Cm_acoustic_guitar_fende r_fa_series_test_2.wav
F#_acoustic_guitar_fender_f a_series_14.wav,/Users/richardtairouz/Downloads/Guitar_Chord_Recognition/dataset_download/data/Train/F#/F#_acoustic_guitar_fender_f a_series_14.wav
G#_acoustic_guitar_fender_f a_series_1.wav,/Users/richardtairouz/Downloads/Guitar_Chord_Recognition/dataset_download/data/Train/G#/G#_acoustic_guitar_fender_f a_series_1.wav
D_acoustic_guitar_fender_f a_series_15.wav,/Users/richardtairouz/Downloads/Guitar_Chord_Recognition/dataset_download/data/Train/D/D_acoustic_guitar_fender_f a_series_15.wav
C_acoustic_guitar_fender_fa_series_test_3.wav,/Users/richardtairouz/Downloads/Guitar_Chord_Recognition/dataset_download/data/Test/C/C_acoustic_guitar_fender_fa_series_test_3.wav
Em_acoustic_guitar_fender_fa_series_11.wav,/Users/richardtairouz/Downloads/Guitar_Chord_Recognition/dataset_download/data/Train/Em/Em_acoustic_guitar_fender_fa_series_11.wav
AM_hard_rock_garage_band_4.wav,/Users/richardtairouz/Downloads/Guitar_Chord_Recognition/dataset_download/data/Train/Am/AM_hard_rock_garage_band_4.wav
F_acoustic_guitar_fender_ fa_series_3.wav,/Users/richardtairouz/Downloads/Guitar_Chord_Recognition/dataset_download/data/Train/F/F_acoustic_guitar_fender_ fa_series_3.wav
Cm_acoustic_guitar_fender_fa_series_22.wav,/Users/richardtairouz/Downloads/Guitar_Chord_Recognition/dataset_download/data/Train/Cm/Cm_acoustic_guitar_fender_fa_series_22.wav
C#_acoustic_guitar_fender_fa_series_14.wav,/Users/richardtairouz/Downloads/Guitar_Chord_Recognition/dataset_download/data/Train/C#/C#_acoustic_guitar_fender_fa_series_14.wav
473616__jimmygian__huge-university-indoor-hallway-ambience.wav,/Users/richardtairouz/Downloads/Guitar_Chord_Recognition/dataset_download/data/Test/Noise/473616__jimmygian__huge-university-indoor-hallway-ambience.wav
F#_acoustic_guitar_fender_f a_series_24.wav,/Users/richardtairouz/Downloads/Guitar_Chord_Recognition/dataset_download/data/Train/F#/F#_acoustic_guitar_fender_f a_series_24.wav
Dm_acoustic_guitar_fender_fa_series_4.wav,/Users/richardtairouz/Downloads/Guitar_Chord_Recognition/dataset_download/data/Train/Dm/Dm_acoustic_guitar_fender_fa_series_4.wav
D#m_acoustic_guitar_fender_fa_series_22.wav,/Users/richardtairouz/Downloads/Guitar_Chord_Recognition/dataset_download/data/Train/D#m/D#m_acoustic_guitar_fender_fa_series_22.wav
Am_acoustic_guitar_fender_fa_series_test_1.wav,/Users/richardtairouz/Downloads/Guitar_Chord_Recognition/dataset_download/data/Test/Am/Am_acoustic_guitar_fender_fa_series_test_1.wav
C#_acoustic_guitar_fender_fa_series_7.wav,/Users/richardtairouz/Downloads/Guitar_Chord_Recognition/dataset_download/data/Train/C#/C#_acoustic_guitar_fender_fa_series_7.wav
D_acoustic_guitar_fender_f a_series_10.wav,/Users/richardtairouz/Downloads/Guitar_Chord_Recognition/dataset_download/data/Train/D/D_acoustic_guitar_fender_f a_series_10.wav
B_acoustic_guitar_fender_fa_series_23.wav,/Users/richardtairouz/Downloads/Guitar_Chord_Recognition/dataset_download/data/Train/B/B_acoustic_guitar_fender_fa_series_23.wav
A_acoustic_guitar_fender_fa_series_1.wav,/Users/richardtairouz/Downloads/Guitar_Chord_Recognition/dataset_download/data/Train/A/A_acoustic_guitar_fender_fa_series_1.wav
Am_acoustic_guitar_fender_fa_series_3.wav,/Users/richardtairouz/Downloads/Guitar_Chord_Recognition/dataset_download/data/Train/Am/Am_acoustic_guitar_fender_fa_series_3.wav
Bm_acoustic_guitar_fender_fa_series_5.wav,/Users/richardtairouz/Downloads/Guitar_Chord_Recognition/dataset_download/data/Test/Bm/Bm_acoustic_guitar_fender_fa_series_5.wav
C#m_acoustic_guitar_fender_fa_series_6.wav,/Users/richardtairouz/Downloads/Guitar_Chord_Recognition/dataset_download/data/Train/C#m/C#m_acoustic_guitar_fender_fa_series_6.wav
Em_acoustic_guitar_fender_fa_series_8.wav,/Users/richardtairouz/Downloads/Guitar_Chord_Recognition/dataset_download/data/Train/Em/Em_acoustic_guitar_fender_fa_series_8.wav
B_acoustic_guitar_fender_fa_series_13.wav,/Users/richardtairouz/Downloads/Guitar_Chord_Recognition/dataset_download/data/Train/B/B_acoustic_guitar_fender_fa_series_13.wav
D#_acoustic_guitar_fender_fa_series_16.wav,/Users/richardtairouz/Downloads/Guitar_Chord_Recognition/dataset_download/data/Train/D#/D#_acoustic_guitar_fender_fa_series_16.wav
Dm_acoustic_guitar_fender_fa_series_17.wav,/Users/richardtairouz/Downloads/Guitar_Chord_Recognition/dataset_download/data/Train/Dm/Dm_acoustic_guitar_fender_fa_series_17.wav
F#_acoustic_guitar_fender_fa_series_test_4.wav,/Users/richardtairouz/Downloads/Guitar_Chord_Recognition/dataset_download/data/Test/F#/F#_acoustic_guitar_fender_fa_series_test_4.wav
Em_acoustic_guitar_fender_fa_series_19.wav,/Users/richardtairouz/Downloads/Guitar_Chord_Recognition/dataset_download/data/Train/Em/Em_acoustic_guitar_fender_fa_series_19.wav
Fm_acoustic_guitar_fender_fa_series_23.wav,/Users/richardtairouz/Downloads/Guitar_Chord_Recognition/dataset_download/data/Train/Fm/Fm_acoustic_guitar_fender_fa_series_23.wav
Cm_acoustic_guitar_fende r_fa_series_test_4.wav,/Users/richardtairouz/Downloads/Guitar_Chord_Recognition/dataset_download/data/Test/Cm/Cm_acoustic_guitar_fende r_fa_series_test_4.wav
F_acoustic_guitar_fender_ fa_series_test_6.wav,/Users/richardtairouz/Downloads/Guitar_Chord_Recognition/dataset_download/data/Test/F/F_acoustic_guitar_fender_ fa_series_test_6.wav
E_acoustic_guitar_fender_fa_series_2.wav,/Users/richardtairouz/Downloads/Guitar_Chord_Recognition/dataset_download/data/Train/E/E_acoustic_guitar_fender_fa_series_2.wav
C_acoustic_guitar_fender_fa_series_20.wav,/Users/richardtairouz/Downloads/Guitar_Chord_Recognition/dataset_download/data/Train/C/C_acoustic_guitar_fender_fa_series_20.wav
Gm_acoustic_guitar_fender_fa_series_11.wav,/Users/richardtairouz/Downloads/Guitar_Chord_Recognition/dataset_download/data/Train/Gm/Gm_acoustic_guitar_fender_fa_series_11.wav
B_acoustic_guitar_fender_fa_series_12.wav,/Users/richardtairouz/Downloads/Guitar_Chord_Recognition/dataset_download/data/Train/B/B_acoustic_guitar_fender_fa_series_12.wav
A#m_acoustic_guitar_fender_fa_series_test_4.wav,/Users/richardtairouz/Downloads/Guitar_Chord_Recognition/dataset_download/data/Train/A#m/A#m_acoustic_guitar_fender_fa_series_test_4.wav
F#m_acoustic_guitar_fender_fa_series_6.wav,/Users/richardtairouz/Downloads/Guitar_Chord_Recognition/dataset_download/data/Train/F#m/F#m_acoustic_guitar_fender_fa_series_6.wav
Fm_acoustic_guitar_fender_fa_series_test_4.wav,/Users/richardtairouz/Downloads/Guitar_Chord_Recognition/dataset_download/data/Test/Fm/Fm_acoustic_guitar_fender_fa_series_test_4.wav
E_classic_clean_garage_band_2.wav,/Users/richardtairouz/Downloads/Guitar_Chord_Recognition/dataset_download/data/Train/E/E_classic_clean_garage_band_2.wav
Hm_acoustic_guitar_fender_fa_series_2.wav,/Users/richardtairouz/Downloads/Guitar_Chord_Recognition/dataset_download/data/Train/Bm/Hm_acoustic_guitar_fender_fa_series_2.wav
A#m_acoustic_guitar_fender_fa_series_test_5.wav,/Users/richardtairouz/Downloads/Guitar_Chord_Recognition/dataset_download/data/Test/A#m/A#m_acoustic_guitar_fender_fa_series_test_5.wav
F_acoustic_guitar_fender_ fa_series_18.wav,/Users/richardtairouz/Downloads/Guitar_Chord_Recognition/dataset_download/data/Train/F/F_acoustic_guitar_fender_ fa_series_18.wav
C_acoustic_guitar_fender_fa_series_test_1.wav,/Users/richardtairouz/Downloads/Guitar_Chord_Recognition/dataset_download/data/Test/C/C_acoustic_guitar_fender_fa_series_test_1.wav
Am_acoustic_guitar_fender_fa_series_1.wav,/Users/richardtairouz/Downloads/Guitar_Chord_Recognition/dataset_download/data/Train/Am/Am_acoustic_guitar_fender_fa_series_1.wav
E_acoustic_guitar_fender_fa_series_24.wav,/Users/richardtairouz/Downloads/Guitar_Chord_Recognition/dataset_download/data/Train/E/E_acoustic_guitar_fender_fa_series_24.wav
G_acoustic_guitar_fender_ fa_series_23.wav,/Users/richardtairouz/Downloads/Guitar_Chord_Recognition/dataset_download/data/Train/G/G_acoustic_guitar_fender_ fa_series_23.wav
G_acoustic_guitar_fender_ fa_series_test_1.wav,/Users/richardtairouz/Downloads/Guitar_Chord_Recognition/dataset_download/data/Test/G/G_acoustic_guitar_fender_ fa_series_test_1.wav
A#_acoustic_guitar_fender_fa_series_test_1.wav,/Users/richardtairouz/Downloads/Guitar_Chord_Recognition/dataset_download/data/Test/A#/A#_acoustic_guitar_fender_fa_series_test_1.wav
G#_acoustic_guitar_fender_fa_series_21.wav,/Users/richardtairouz/Downloads/Guitar_Chord_Recognition/dataset_download/data/Train/G#/G#_acoustic_guitar_fender_fa_series_21.wav
Am_acoustic_guitar_fender_fa_series_12.wav,/Users/richardtairouz/Downloads/Guitar_Chord_Recognition/dataset_download/data/Train/Am/Am_acoustic_guitar_fender_fa_series_12.wav
G#m_acoustic_guitar_fender_fa_series_test_6.wav,/Users/richardtairouz/Downloads/Guitar_Chord_Recognition/dataset_download/data/Test/G#m/G#m_acoustic_guitar_fender_fa_series_test_6.wav
B_acoustic_guitar_fender_fa_series_5.wav,/Users/richardtairouz/Downloads/Guitar_Chord_Recognition/dataset_download/data/Train/B/B_acoustic_guitar_fender_fa_series_5.wav
Gm_acoustic_guitar_fender_fa_series_6.wav,/Users/richardtairouz/Downloads/Guitar_Chord_Recognition/dataset_download/data/Train/Gm/Gm_acoustic_guitar_fender_fa_series_6.wav
C_acoustic_guitar_fender_fa_series_12.wav,/Users/richardtairouz/Downloads/Guitar_Chord_Recognition/dataset_download/data/Train/C/C_acoustic_guitar_fender_fa_series_12.wav
D_acoustic_guitar_fender_f a_series_17.wav,/Users/richardtairouz/Downloads/Guitar_Chord_Recognition/dataset_download/data/Train/D/D_acoustic_guitar_fender_f a_series_17.wav
F#m_acoustic_guitar_fender_fa_series_13.wav,/Users/richardtairouz/Downloads/Guitar_Chord_Recognition/dataset_download/data/Train/F#m/F#m_acoustic_guitar_fender_fa_series_13.wav
C#_acoustic_guitar_fender_fa_series_8.wav,/Users/richardtairouz/Downloads/Guitar_Chord_Recognition/dataset_download/data/Train/C#/C#_acoustic_guitar_fender_fa_series_8.wav
Dm_acoustic_guitar_fender_fa_series_1.wav,/Users/richardtairouz/Downloads/Guitar_Chord_Recognition/dataset_download/data/Train/Dm/Dm_acoustic_guitar_fender_fa_series_1.wav
Hm_acoustic_guitar_fender_fa_series_11.wav,/Users/richardtairouz/Downloads/Guitar_Chord_Recognition/dataset_download/data/Train/Bm/Hm_acoustic_guitar_fender_fa_series_11.wav
C#m_acoustic_guitar_fender_fa_series_12.wav,/Users/richardtairouz/Downloads/Guitar_Chord_Recognition/dataset_download/data/Train/C#m/C#m_acoustic_guitar_fender_fa_series_12.wav
Dm_acoustic_guitar_fender_fa_series_9.wav,/Users/richardtairouz/Downloads/Guitar_Chord_Recognition/dataset_download/data/Train/Dm/Dm_acoustic_guitar_fender_fa_series_9.wav
C#_acoustic_guitar_fender_fa_series_16.wav,/Users/richardtairouz/Downloads/Guitar_Chord_Recognition/dataset_download/data/Train/C#/C#_acoustic_guitar_fender_fa_series_16.wav
D#m_acoustic_guitar_fender_fa_series_20.wav,/Users/richardtairouz/Downloads/Guitar_Chord_Recognition/dataset_download/data/Train/D#m/D#m_acoustic_guitar_fender_fa_series_20.wav
F#m_acoustic_guitar_fender_fa_series_19.wav,/Users/richardtairouz/Downloads/Guitar_Chord_Recognition/dataset_download/data/Train/F#m/F#m_acoustic_guitar_fender_fa_series_19.wav
G_acoustic_guitar_fender_ fa_series_test_2.wav,/Users/richardtairouz/Downloads/Guitar_Chord_Recognition/dataset_download/data/Test/G/G_acoustic_guitar_fender_ fa_series_test_2.wav
A_acoustic_guitar_fender_fa_series_7.wav,/Users/richardtairouz/Downloads/Guitar_Chord_Recognition/dataset_download/data/Train/A/A_acoustic_guitar_fender_fa_series_7.wav
Hm_acoustic_guitar_fender_fa_series_7.wav,/Users/richardtairouz/Downloads/Guitar_Chord_Recognition/dataset_download/data/Train/Bm/Hm_acoustic_guitar_fender_fa_series_7.wav
F#_acoustic_guitar_fender_f a_series_20.wav,/Users/richardtairouz/Downloads/Guitar_Chord_Recognition/dataset_download/data/Train/F#/F#_acoustic_guitar_fender_f a_series_20.wav
D_acoustic_guitar_fender_f a_series_9.wav,/Users/richardtairouz/Downloads/Guitar_Chord_Recognition/dataset_download/data/Train/D/D_acoustic_guitar_fender_f a_series_9.wav
F#m_acoustic_guitar_fender_fa_series_test_2.wav,/Users/richardtairouz/Downloads/Guitar_Chord_Recognition/dataset_download/data/Test/F#m/F#m_acoustic_guitar_fender_fa_series_test_2.wav
G#m_acoustic_guitar_fender_fa_series_22.wav,/Users/richardtairouz/Downloads/Guitar_Chord_Recognition/dataset_download/data/Train/G#m/G#m_acoustic_guitar_fender_fa_series_22.wav
B_acoustic_guitar_fender_fa_series_20.wav,/Users/richardtairouz/Downloads/Guitar_Chord_Recognition/dataset_download/data/Train/B/B_acoustic_guitar_fender_fa_series_20.wav
E_acoustic_guitar_fender_fa_series_21.wav,/Users/richardtairouz/Downloads/Guitar_Chord_Recognition/dataset_download/data/Train/E/E_acoustic_guitar_fender_fa_series_21.wav
Gm_acoustic_guitar_fender_fa_series_20.wav,/Users/richardtairouz/Downloads/Guitar_Chord_Recognition/dataset_download/data/Train/Gm/Gm_acoustic_guitar_fender_fa_series_20.wav
Fm_acoustic_guitar_fender_fa_series_1.wav,/Users/richardtairouz/Downloads/Guitar_Chord_Recognition/dataset_download/data/Train/Fm/Fm_acoustic_guitar_fender_fa_series_1.wav
Em_acoustic_guitar_fender_fa_series_21.wav,/Users/richardtairouz/Downloads/Guitar_Chord_Recognition/dataset_download/data/Train/Em/Em_acoustic_guitar_fender_fa_series_21.wav
D#_acoustic_guitar_fender_fa_series_9.wav,/Users/richardtairouz/Downloads/Guitar_Chord_Recognition/dataset_download/data/Train/D#/D#_acoustic_guitar_fender_fa_series_9.wav
E_acoustic_guitar_fender_fa_series_14.wav,/Users/richardtairouz/Downloads/Guitar_Chord_Recognition/dataset_download/data/Train/E/E_acoustic_guitar_fender_fa_series_14.wav
B_acoustic_guitar_fender_fa_series_21.wav,/Users/richardtairouz/Downloads/Guitar_Chord_Recognition/dataset_download/data/Train/B/B_acoustic_guitar_fender_fa_series_21.wav
Dm_acoustic_guitar_fender_fa_series_test_5.wav,/Users/richardtairouz/Downloads/Guitar_Chord_Recognition/dataset_download/data/Test/Dm/Dm_acoustic_guitar_fender_fa_series_test_5.wav
F#_acoustic_guitar_fender_fa_series_test_6.wav,/Users/richardtairouz/Downloads/Guitar_Chord_Recognition/dataset_download/data/Test/F#/F#_acoustic_guitar_fender_fa_series_test_6.wav
G#m_acoustic_guitar_fender_fa_series_12.wav,/Users/richardtairouz/Downloads/Guitar_Chord_Recognition/dataset_download/data/Train/G#m/G#m_acoustic_guitar_fender_fa_series_12.wav
G_acoustic_guitar_fender_ fa_series_16.wav,/Users/richardtairouz/Downloads/Guitar_Chord_Recognition/dataset_download/data/Train/G/G_acoustic_guitar_fender_ fa_series_16.wav
F#m_acoustic_guitar_fender_fa_series_test_5.wav,/Users/richardtairouz/Downloads/Guitar_Chord_Recognition/dataset_download/data/Test/F#m/F#m_acoustic_guitar_fender_fa_series_test_5.wav
G_acoustic_guitar_fender_ fa_series_test_5.wav,/Users/richardtairouz/Downloads/Guitar_Chord_Recognition/dataset_download/data/Test/G/G_acoustic_guitar_fender_ fa_series_test_5.wav
Hm_acoustic_guitar_fender_fa_series_25.wav,/Users/richardtairouz/Downloads/Guitar_Chord_Recognition/dataset_download/data/Train/Bm/Hm_acoustic_guitar_fender_fa_series_25.wav
D#_acoustic_guitar_fender_fa_series_test_2.wav,/Users/richardtairouz/Downloads/Guitar_Chord_Recognition/dataset_download/data/Test/D#/D#_acoustic_guitar_fender_fa_series_test_2.wav
Em_acoustic_guitar_fender_fa_series_10.wav,/Users/richardtairouz/Downloads/Guitar_Chord_Recognition/dataset_download/data/Train/Em/Em_acoustic_guitar_fender_fa_series_10.wav
B_acoustic_guitar_fender_fa_series_test_5.wav,/Users/richardtairouz/Downloads/Guitar_Chord_Recognition/dataset_download/data/Test/B/B_acoustic_guitar_fender_fa_series_test_5.wav
Dm_acoustic_guitar_fender_fa_series_21.wav,/Users/richardtairouz/Downloads/Guitar_Chord_Recognition/dataset_download/data/Train/Dm/Dm_acoustic_guitar_fender_fa_series_21.wav
Em_acoustic_guitar_fender_fa_series_18.wav,/Users/richardtairouz/Downloads/Guitar_Chord_Recognition/dataset_download/data/Train/Em/Em_acoustic_guitar_fender_fa_series_18.wav
Fm_acoustic_guitar_fender_fa_series_16.wav,/Users/richardtairouz/Downloads/Guitar_Chord_Recognition/dataset_download/data/Train/Fm/Fm_acoustic_guitar_fender_fa_series_16.wav
C#_acoustic_guitar_fender_fa_series_21.wav,/Users/richardtairouz/Downloads/Guitar_Chord_Recognition/dataset_download/data/Train/C#/C#_acoustic_guitar_fender_fa_series_21.wav
Cm_acoustic_guitar_fender_fa_series_15.wav,/Users/richardtairouz/Downloads/Guitar_Chord_Recognition/dataset_download/data/Train/Cm/Cm_acoustic_guitar_fender_fa_series_15.wav
E_acoustic_guitar_garage_band_2.wav,/Users/richardtairouz/Downloads/Guitar_Chord_Recognition/dataset_download/data/Train/E/E_acoustic_guitar_garage_band_2.wav
Am_acoustic_guitar_fender_fa_series_6.wav,/Users/richardtairouz/Downloads/Guitar_Chord_Recognition/dataset_download/data/Train/Am/Am_acoustic_guitar_fender_fa_series_6.wav
E_hard_rock_garage_band_1.wav,/Users/richardtairouz/Downloads/Guitar_Chord_Recognition/dataset_download/data/Train/E/E_hard_rock_garage_band_1.wav
F_acoustic_guitar_fender_ fa_series_16.wav,/Users/richardtairouz/Downloads/Guitar_Chord_Recognition/dataset_download/data/Train/F/F_acoustic_guitar_fender_ fa_series_16.wav
Fm_acoustic_guitar_fender_fa_series_18.wav,/Users/richardtairouz/Downloads/Guitar_Chord_Recognition/dataset_download/data/Train/Fm/Fm_acoustic_guitar_fender_fa_series_18.wav
G#_acoustic_guitar_fender_fa_series_test_5.wav,/Users/richardtairouz/Downloads/Guitar_Chord_Recognition/dataset_download/data/Test/G#/G#_acoustic_guitar_fender_fa_series_test_5.wav
Hm_acoustic_guitar_fender_fa_series_22.wav,/Users/richardtairouz/Downloads/Guitar_Chord_Recognition/dataset_download/data/Train/Bm/Hm_acoustic_guitar_fender_fa_series_22.wav
F#m_acoustic_guitar_fender_fa_series_17.wav,/Users/richardtairouz/Downloads/Guitar_Chord_Recognition/dataset_download/data/Train/F#m/F#m_acoustic_guitar_fender_fa_series_17.wav
Fm_acoustic_guitar_fender_fa_series_21.wav,/Users/richardtairouz/Downloads/Guitar_Chord_Recognition/dataset_download/data/Train/Fm/Fm_acoustic_guitar_fender_fa_series_21.wav
Gm_acoustic_guitar_fender_fa_series_test_2.wav,/Users/richardtairouz/Downloads/Guitar_Chord_Recognition/dataset_download/data/Test/Gm/Gm_acoustic_guitar_fender_fa_series_test_2.wav
Dm_acoustic_guitar_fender_fa_series_test_3.wav,/Users/richardtairouz/Downloads/Guitar_Chord_Recognition/dataset_download/data/Test/Dm/Dm_acoustic_guitar_fender_fa_series_test_3.wav
Fm_acoustic_guitar_fender_fa_series_25.wav,/Users/richardtairouz/Downloads/Guitar_Chord_Recognition/dataset_download/data/Train/Fm/Fm_acoustic_guitar_fender_fa_series_25.wav
F_acoustic_guitar_fender_ fa_series_23.wav,/Users/richardtairouz/Downloads/Guitar_Chord_Recognition/dataset_download/data/Train/F/F_acoustic_guitar_fender_ fa_series_23.wav
F#_acoustic_guitar_fender_f a_series_25.wav,/Users/richardtairouz/Downloads/Guitar_Chord_Recognition/dataset_download/data/Train/F#/F#_acoustic_guitar_fender_f a_series_25.wav
Fm_acoustic_guitar_fender_fa_series_22.wav,/Users/richardtairouz/Downloads/Guitar_Chord_Recognition/dataset_download/data/Train/Fm/Fm_acoustic_guitar_fender_fa_series_22.wav
E_acoustic_guitar_fender_fa_series_12.wav,/Users/richardtairouz/Downloads/Guitar_Chord_Recognition/dataset_download/data/Train/E/E_acoustic_guitar_fender_fa_series_12.wav
Dm_acoustic_guitar_fender_fa_series_15.wav,/Users/richardtairouz/Downloads/Guitar_Chord_Recognition/dataset_download/data/Train/Dm/Dm_acoustic_guitar_fender_fa_series_15.wav
D#_acoustic_guitar_fender_fa_series_1.wav,/Users/richardtairouz/Downloads/Guitar_Chord_Recognition/dataset_download/data/Train/D#/D#_acoustic_guitar_fender_fa_series_1.wav
Em_acoustic_guitar_fender_fa_series_15.wav,/Users/richardtairouz/Downloads/Guitar_Chord_Recognition/dataset_download/data/Train/Em/Em_acoustic_guitar_fender_fa_series_15.wav
Fm_acoustic_guitar_fender_fa_series_13.wav,/Users/richardtairouz/Downloads/Guitar_Chord_Recognition/dataset_download/data/Train/Fm/Fm_acoustic_guitar_fender_fa_series_13.wav
Hm_acoustic_guitar_fender_fa_series_18.wav,/Users/richardtairouz/Downloads/Guitar_Chord_Recognition/dataset_download/data/Train/Bm/Hm_acoustic_guitar_fender_fa_series_18.wav
Bm_acoustic_guitar_fender_fa_series_7.wav,/Users/richardtairouz/Downloads/Guitar_Chord_Recognition/dataset_download/data/Test/Bm/Bm_acoustic_guitar_fender_fa_series_7.wav
A#m_acoustic_guitar_fender_fa_series_test_13.wav,/Users/richardtairouz/Downloads/Guitar_Chord_Recognition/dataset_download/data/Train/A#m/A#m_acoustic_guitar_fender_fa_series_test_13.wav
A_acoustic_guitar_fender_fa_series_17.wav,/Users/richardtairouz/Downloads/Guitar_Chord_Recognition/dataset_download/data/Train/A/A_acoustic_guitar_fender_fa_series_17.wav
B_acoustic_guitar_fender_fa_series_24.wav,/Users/richardtairouz/Downloads/Guitar_Chord_Recognition/dataset_download/data/Train/B/B_acoustic_guitar_fender_fa_series_24.wav
C_acoustic_guitar_fender_fa_series_22.wav,/Users/richardtairouz/Downloads/Guitar_Chord_Recognition/dataset_download/data/Train/C/C_acoustic_guitar_fender_fa_series_22.wav
D#_acoustic_guitar_fender_fa_series_17.wav,/Users/richardtairouz/Downloads/Guitar_Chord_Recognition/dataset_download/data/Train/D#/D#_acoustic_guitar_fender_fa_series_17.wav
A_acoustic_guitar_fender_fa_series_8.wav,/Users/richardtairouz/Downloads/Guitar_Chord_Recognition/dataset_download/data/Train/A/A_acoustic_guitar_fender_fa_series_8.wav
AM_classic_clean_garage_band_3.wav,/Users/richardtairouz/Downloads/Guitar_Chord_Recognition/dataset_download/data/Train/Am/AM_classic_clean_garage_band_3.wav
D#_acoustic_guitar_fender_fa_series_20.wav,/Users/richardtairouz/Downloads/Guitar_Chord_Recognition/dataset_download/data/Train/D#/D#_acoustic_guitar_fender_fa_series_20.wav
G#_acoustic_guitar_fender_f a_series_7.wav,/Users/richardtairouz/Downloads/Guitar_Chord_Recognition/dataset_download/data/Train/G#/G#_acoustic_guitar_fender_f a_series_7.wav
E_classic_clean_garage_band_5.wav,/Users/richardtairouz/Downloads/Guitar_Chord_Recognition/dataset_download/data/Train/E/E_classic_clean_garage_band_5.wav
college-lecture-sound-40-sec.wav,/Users/richardtairouz/Downloads/Guitar_Chord_Recognition/dataset_download/data/Train/Noise/college-lecture-sound-40-sec.wav
G#m_acoustic_guitar_fender_fa_series_24.wav,/Users/richardtairouz/Downloads/Guitar_Chord_Recognition/dataset_download/data/Train/G#m/G#m_acoustic_guitar_fender_fa_series_24.wav
Cm_acoustic_guitar_fender_fa_series_21.wav,/Users/richardtairouz/Downloads/Guitar_Chord_Recognition/dataset_download/data/Train/Cm/Cm_acoustic_guitar_fender_fa_series_21.wav
AM_hard_rock_garage_band_2.wav,/Users/richardtairouz/Downloads/Guitar_Chord_Recognition/dataset_download/data/Train/Am/AM_hard_rock_garage_band_2.wav
B_acoustic_guitar_fender_fa_series_6.wav,/Users/richardtairouz/Downloads/Guitar_Chord_Recognition/dataset_download/data/Train/B/B_acoustic_guitar_fender_fa_series_6.wav
F_acoustic_guitar_fender_ fa_series_10.wav,/Users/richardtairouz/Downloads/Guitar_Chord_Recognition/dataset_download/data/Train/F/F_acoustic_guitar_fender_ fa_series_10.wav
G_acoustic_guitar_fender_ fa_series_24.wav,/Users/richardtairouz/Downloads/Guitar_Chord_Recognition/dataset_download/data/Train/G/G_acoustic_guitar_fender_ fa_series_24.wav
Dm_acoustic_guitar_fender_fa_series_2.wav,/Users/richardtairouz/Downloads/Guitar_Chord_Recognition/dataset_download/data/Train/Dm/Dm_acoustic_guitar_fender_fa_series_2.wav
G#_acoustic_guitar_fender_fa_series_13.wav,/Users/richardtairouz/Downloads/Guitar_Chord_Recognition/dataset_download/data/Train/G#/G#_acoustic_guitar_fender_fa_series_13.wav
C_acoustic_guitar_fender_fa_series_6.wav,/Users/richardtairouz/Downloads/Guitar_Chord_Recognition/dataset_download/data/Train/C/C_acoustic_guitar_fender_fa_series_6.wav
C#m_acoustic_guitar_fender_fa_series_15.wav,/Users/richardtairouz/Downloads/Guitar_Chord_Recognition/dataset_download/data/Train/C#m/C#m_acoustic_guitar_fender_fa_series_15.wav
D#_acoustic_guitar_fender_fa_series_6.wav,/Users/richardtairouz/Downloads/Guitar_Chord_Recognition/dataset_download/data/Train/D#/D#_acoustic_guitar_fender_fa_series_6.wav
D#_acoustic_guitar_fender_fa_series_4.wav,/Users/richardtairouz/Downloads/Guitar_Chord_Recognition/dataset_download/data/Train/D#/D#_acoustic_guitar_fender_fa_series_4.wav
D#m_acoustic_guitar_fender_fa_series_24.wav,/Users/richardtairouz/Downloads/Guitar_Chord_Recognition/dataset_download/data/Train/D#m/D#m_acoustic_guitar_fender_fa_series_24.wav
D_acoustic_guitar_fender_fa_series_test_2.wav,/Users/richardtairouz/Downloads/Guitar_Chord_Recognition/dataset_download/data/Test/D/D_acoustic_guitar_fender_fa_series_test_2.wav
F_acoustic_guitar_fender_ fa_series_13.wav,/Users/richardtairouz/Downloads/Guitar_Chord_Recognition/dataset_download/data/Train/F/F_acoustic_guitar_fender_ fa_series_13.wav
E_acoustic_guitar_fender_fa_series_test_6.wav,/Users/richardtairouz/Downloads/Guitar_Chord_Recognition/dataset_download/data/Test/E/E_acoustic_guitar_fender_fa_series_test_6.wav
D_acoustic_guitar_fender_f a_series_24.wav,/Users/richardtairouz/Downloads/Guitar_Chord_Recognition/dataset_download/data/Train/D/D_acoustic_guitar_fender_f a_series_24.wav
D#m_acoustic_guitar_fender_fa_series_test_5.wav,/Users/richardtairouz/Downloads/Guitar_Chord_Recognition/dataset_download/data/Test/D#m/D#m_acoustic_guitar_fender_fa_series_test_5.wav
Dm_acoustic_guitar_fender_fa_series_16.wav,/Users/richardtairouz/Downloads/Guitar_Chord_Recognition/dataset_download/data/Train/Dm/Dm_acoustic_guitar_fender_fa_series_16.wav
E_acoustic_guitar_fender_fa_series_20.wav,/Users/richardtairouz/Downloads/Guitar_Chord_Recognition/dataset_download/data/Train/E/E_acoustic_guitar_fender_fa_series_20.wav
A#m_acoustic_guitar_fender_fa_series_test_16.wav,/Users/richardtairouz/Downloads/Guitar_Chord_Recognition/dataset_download/data/Train/A#m/A#m_acoustic_guitar_fender_fa_series_test_16.wav
Em_acoustic_guitar_fender_fa_series_1.wav,/Users/richardtairouz/Downloads/Guitar_Chord_Recognition/dataset_download/data/Train/Em/Em_acoustic_guitar_fender_fa_series_1.wav
D#_acoustic_guitar_fender_fa_series_5.wav,/Users/richardtairouz/Downloads/Guitar_Chord_Recognition/dataset_download/data/Train/D#/D#_acoustic_guitar_fender_fa_series_5.wav
Em_acoustic_guitar_fender_fa_series_4.wav,/Users/richardtairouz/Downloads/Guitar_Chord_Recognition/dataset_download/data/Train/Em/Em_acoustic_guitar_fender_fa_series_4.wav
A#_acoustic_guitar_fender_fa_series_8.wav,/Users/richardtairouz/Downloads/Guitar_Chord_Recognition/dataset_download/data/Train/A#/A#_acoustic_guitar_fender_fa_series_8.wav
AM_classic_clean_garage_band_5.wav,/Users/richardtairouz/Downloads/Guitar_Chord_Recognition/dataset_download/data/Train/Am/AM_classic_clean_garage_band_5.wav
G#m_acoustic_guitar_fender_fa_series_2.wav,/Users/richardtairouz/Downloads/Guitar_Chord_Recognition/dataset_download/data/Train/G#m/G#m_acoustic_guitar_fender_fa_series_2.wav
E_acoustic_guitar_fender_fa_series_10.wav,/Users/richardtairouz/Downloads/Guitar_Chord_Recognition/dataset_download/data/Train/E/E_acoustic_guitar_fender_fa_series_10.wav
D#m_acoustic_guitar_fender_fa_series_19.wav,/Users/richardtairouz/Downloads/Guitar_Chord_Recognition/dataset_download/data/Train/D#m/D#m_acoustic_guitar_fender_fa_series_19.wav
F#m_acoustic_guitar_fender_fa_series_23.wav,/Users/richardtairouz/Downloads/Guitar_Chord_Recognition/dataset_download/data/Train/F#m/F#m_acoustic_guitar_fender_fa_series_23.wav
F#_acoustic_guitar_fender_fa_series_test_5.wav,/Users/richardtairouz/Downloads/Guitar_Chord_Recognition/dataset_download/data/Test/F#/F#_acoustic_guitar_fender_fa_series_test_5.wav
Gm_acoustic_guitar_fender_fa_series_9.wav,/Users/richardtairouz/Downloads/Guitar_Chord_Recognition/dataset_download/data/Train/Gm/Gm_acoustic_guitar_fender_fa_series_9.wav
D#_acoustic_guitar_fender_fa_series_2.wav,/Users/richardtairouz/Downloads/Guitar_Chord_Recognition/dataset_download/data/Train/D#/D#_acoustic_guitar_fender_fa_series_2.wav
F#_acoustic_guitar_fender_f a_series_16.wav,/Users/richardtairouz/Downloads/Guitar_Chord_Recognition/dataset_download/data/Train/F#/F#_acoustic_guitar_fender_f a_series_16.wav
F_acoustic_guitar_fender_ fa_series_8.wav,/Users/richardtairouz/Downloads/Guitar_Chord_Recognition/dataset_download/data/Train/F/F_acoustic_guitar_fender_ fa_series_8.wav
Em_acoustic_guitar_fender_fa_series_3.wav,/Users/richardtairouz/Downloads/Guitar_Chord_Recognition/dataset_download/data/Train/Em/Em_acoustic_guitar_fender_fa_series_3.wav
D_acoustic_guitar_fender_f a_series_13.wav,/Users/richardtairouz/Downloads/Guitar_Chord_Recognition/dataset_download/data/Train/D/D_acoustic_guitar_fender_f a_series_13.wav
Fm_acoustic_guitar_fender_fa_series_14.wav,/Users/richardtairouz/Downloads/Guitar_Chord_Recognition/dataset_download/data/Train/Fm/Fm_acoustic_guitar_fender_fa_series_14.wav
D#m_acoustic_guitar_fender_fa_series_13.wav,/Users/richardtairouz/Downloads/Guitar_Chord_Recognition/dataset_download/data/Train/D#m/D#m_acoustic_guitar_fender_fa_series_13.wav
F#m_acoustic_guitar_fender_fa_series_8.wav,/Users/richardtairouz/Downloads/Guitar_Chord_Recognition/dataset_download/data/Train/F#m/F#m_acoustic_guitar_fender_fa_series_8.wav
D#m_acoustic_guitar_fender_fa_series_test_4.wav,/Users/richardtairouz/Downloads/Guitar_Chord_Recognition/dataset_download/data/Test/D#m/D#m_acoustic_guitar_fender_fa_series_test_4.wav
D#m_acoustic_guitar_fender_fa_series_18.wav,/Users/richardtairouz/Downloads/Guitar_Chord_Recognition/dataset_download/data/Train/D#m/D#m_acoustic_guitar_fender_fa_series_18.wav
Am_acoustic_guitar_fender_fa_series_23.wav,/Users/richardtairouz/Downloads/Guitar_Chord_Recognition/dataset_download/data/Train/Am/Am_acoustic_guitar_fender_fa_series_23.wav
B_acoustic_guitar_fender_fa_series_11.wav,/Users/richardtairouz/Downloads/Guitar_Chord_Recognition/dataset_download/data/Train/B/B_acoustic_guitar_fender_fa_series_11.wav
C_acoustic_guitar_fender_fa_series_19.wav,/Users/richardtairouz/Downloads/Guitar_Chord_Recognition/dataset_download/data/Train/C/C_acoustic_guitar_fender_fa_series_19.wav
Fm_acoustic_guitar_fender_fa_series_11.wav,/Users/richardtairouz/Downloads/Guitar_Chord_Recognition/dataset_download/data/Train/Fm/Fm_acoustic_guitar_fender_fa_series_11.wav
G_acoustic_guitar_fender_ fa_series_9.wav,/Users/richardtairouz/Downloads/Guitar_Chord_Recognition/dataset_download/data/Train/G/G_acoustic_guitar_fender_ fa_series_9.wav
C_acoustic_guitar_fender_fa_series_17.wav,/Users/richardtairouz/Downloads/Guitar_Chord_Recognition/dataset_download/data/Train/C/C_acoustic_guitar_fender_fa_series_17.wav
G#m_acoustic_guitar_fender_fa_series_test_2.wav,/Users/richardtairouz/Downloads/Guitar_Chord_Recognition/dataset_download/data/Test/G#m/G#m_acoustic_guitar_fender_fa_series_test_2.wav
D_acoustic_guitar_fender_f a_series_5.wav,/Users/richardtairouz/Downloads/Guitar_Chord_Recognition/dataset_download/data/Train/D/D_acoustic_guitar_fender_f a_series_5.wav
A_acoustic_guitar_fender_fa_series_15.wav,/Users/richardtairouz/Downloads/Guitar_Chord_Recognition/dataset_download/data/Train/A/A_acoustic_guitar_fender_fa_series_15.wav
C_acoustic_guitar_fender_fa_series_15.wav,/Users/richardtairouz/Downloads/Guitar_Chord_Recognition/dataset_download/data/Train/C/C_acoustic_guitar_fender_fa_series_15.wav
E_acoustic_guitar_fender_fa_series_22.wav,/Users/richardtairouz/Downloads/Guitar_Chord_Recognition/dataset_download/data/Train/E/E_acoustic_guitar_fender_fa_series_22.wav
Hm_acoustic_guitar_fender_fa_series_9.wav,/Users/richardtairouz/Downloads/Guitar_Chord_Recognition/dataset_download/data/Train/Bm/Hm_acoustic_guitar_fender_fa_series_9.wav
Cm_acoustic_guitar_fender_fa_series_24.wav,/Users/richardtairouz/Downloads/Guitar_Chord_Recognition/dataset_download/data/Train/Cm/Cm_acoustic_guitar_fender_fa_series_24.wav
D#m_acoustic_guitar_fender_fa_series_21.wav,/Users/richardtairouz/Downloads/Guitar_Chord_Recognition/dataset_download/data/Train/D#m/D#m_acoustic_guitar_fender_fa_series_21.wav
Dm_acoustic_guitar_fender_fa_series_11.wav,/Users/richardtairouz/Downloads/Guitar_Chord_Recognition/dataset_download/data/Train/Dm/Dm_acoustic_guitar_fender_fa_series_11.wav
Hm_acoustic_guitar_fender_fa_series_16.wav,/Users/richardtairouz/Downloads/Guitar_Chord_Recognition/dataset_download/data/Train/Bm/Hm_acoustic_guitar_fender_fa_series_16.wav
E_acoustic_guitar_fender_fa_series_5.wav,/Users/richardtairouz/Downloads/Guitar_Chord_Recognition/dataset_download/data/Train/E/E_acoustic_guitar_fender_fa_series_5.wav
D#_acoustic_guitar_fender_fa_series_25.wav,/Users/richardtairouz/Downloads/Guitar_Chord_Recognition/dataset_download/data/Train/D#/D#_acoustic_guitar_fender_fa_series_25.wav
A#_acoustic_guitar_fender_fa_series_20.wav,/Users/richardtairouz/Downloads/Guitar_Chord_Recognition/dataset_download/data/Train/A#/A#_acoustic_guitar_fender_fa_series_20.wav
F#m_acoustic_guitar_fender_fa_series_2.wav,/Users/richardtairouz/Downloads/Guitar_Chord_Recognition/dataset_download/data/Train/F#m/F#m_acoustic_guitar_fender_fa_series_2.wav
Hm_acoustic_guitar_fender_fa_series_15.wav,/Users/richardtairouz/Downloads/Guitar_Chord_Recognition/dataset_download/data/Train/Bm/Hm_acoustic_guitar_fender_fa_series_15.wav
Am_acoustic_guitar_fender_fa_series_test_4.wav,/Users/richardtairouz/Downloads/Guitar_Chord_Recognition/dataset_download/data/Test/Am/Am_acoustic_guitar_fender_fa_series_test_4.wav
A_acoustic_guitar_fender_fa_series_test_1.wav,/Users/richardtairouz/Downloads/Guitar_Chord_Recognition/dataset_download/data/Test/A/A_acoustic_guitar_fender_fa_series_test_1.wav
G#_acoustic_guitar_fender_fa_series_25.wav,/Users/richardtairouz/Downloads/Guitar_Chord_Recognition/dataset_download/data/Train/G#/G#_acoustic_guitar_fender_fa_series_25.wav
Hm_acoustic_guitar_fender_fa_series_13.wav,/Users/richardtairouz/Downloads/Guitar_Chord_Recognition/dataset_download/data/Train/Bm/Hm_acoustic_guitar_fender_fa_series_13.wav
B_acoustic_guitar_fender_fa_series_17.wav,/Users/richardtairouz/Downloads/Guitar_Chord_Recognition/dataset_download/data/Train/B/B_acoustic_guitar_fender_fa_series_17.wav
A_acoustic_guitar_fender_fa_series_6.wav,/Users/richardtairouz/Downloads/Guitar_Chord_Recognition/dataset_download/data/Train/A/A_acoustic_guitar_fender_fa_series_6.wav
C#m_acoustic_guitar_fender_fa_series_23.wav,/Users/richardtairouz/Downloads/Guitar_Chord_Recognition/dataset_download/data/Train/C#m/C#m_acoustic_guitar_fender_fa_series_23.wav
Fm_acoustic_guitar_fender_fa_series_6.wav,/Users/richardtairouz/Downloads/Guitar_Chord_Recognition/dataset_download/data/Train/Fm/Fm_acoustic_guitar_fender_fa_series_6.wav
D_acoustic_guitar_fender_f a_series_7.wav,/Users/richardtairouz/Downloads/Guitar_Chord_Recognition/dataset_download/data/Train/D/D_acoustic_guitar_fender_f a_series_7.wav
D#m_acoustic_guitar_fender_fa_series_14.wav,/Users/richardtairouz/Downloads/Guitar_Chord_Recognition/dataset_download/data/Train/D#m/D#m_acoustic_guitar_fender_fa_series_14.wav
F_acoustic_guitar_fender_ fa_series_test_2.wav,/Users/richardtairouz/Downloads/Guitar_Chord_Recognition/dataset_download/data/Test/F/F_acoustic_guitar_fender_ fa_series_test_2.wav
Em_acoustic_guitar_fender_fa_series_5.wav,/Users/richardtairouz/Downloads/Guitar_Chord_Recognition/dataset_download/data/Train/Em/Em_acoustic_guitar_fender_fa_series_5.wav
D#m_acoustic_guitar_fender_fa_series_10.wav,/Users/richardtairouz/Downloads/Guitar_Chord_Recognition/dataset_download/data/Train/D#m/D#m_acoustic_guitar_fender_fa_series_10.wav
G#m_acoustic_guitar_fender_fa_series_8.wav,/Users/richardtairouz/Downloads/Guitar_Chord_Recognition/dataset_download/data/Train/G#m/G#m_acoustic_guitar_fender_fa_series_8.wav
Fm_acoustic_guitar_fender_fa_series_2.wav,/Users/richardtairouz/Downloads/Guitar_Chord_Recognition/dataset_download/data/Train/Fm/Fm_acoustic_guitar_fender_fa_series_2.wav
C_acoustic_guitar_fender_fa_series_16.wav,/Users/richardtairouz/Downloads/Guitar_Chord_Recognition/dataset_download/data/Train/C/C_acoustic_guitar_fender_fa_series_16.wav
G_acoustic_guitar_fender_ fa_series_14.wav,/Users/richardtairouz/Downloads/Guitar_Chord_Recognition/dataset_download/data/Train/G/G_acoustic_guitar_fender_ fa_series_14.wav
E_acoustic_guitar_garage_band_3.wav,/Users/richardtairouz/Downloads/Guitar_Chord_Recognition/dataset_download/data/Train/E/E_acoustic_guitar_garage_band_3.wav
C#_acoustic_guitar_fender_fa_series_19.wav,/Users/richardtairouz/Downloads/Guitar_Chord_Recognition/dataset_download/data/Train/C#/C#_acoustic_guitar_fender_fa_series_19.wav
Gm_acoustic_guitar_fender_fa_series_12.wav,/Users/richardtairouz/Downloads/Guitar_Chord_Recognition/dataset_download/data/Train/Gm/Gm_acoustic_guitar_fender_fa_series_12.wav
C#_acoustic_guitar_fender_fa_series_17.wav,/Users/richardtairouz/Downloads/Guitar_Chord_Recognition/dataset_download/data/Train/C#/C#_acoustic_guitar_fender_fa_series_17.wav
A#m_acoustic_guitar_fender_fa_series_test_3.wav,/Users/richardtairouz/Downloads/Guitar_Chord_Recognition/dataset_download/data/Test/A#m/A#m_acoustic_guitar_fender_fa_series_test_3.wav
AM_acoustic_guitar_garage_band_4.wav,/Users/richardtairouz/Downloads/Guitar_Chord_Recognition/dataset_download/data/Train/Am/AM_acoustic_guitar_garage_band_4.wav
F#m_acoustic_guitar_fender_fa_series_25.wav,/Users/richardtairouz/Downloads/Guitar_Chord_Recognition/dataset_download/data/Train/F#m/F#m_acoustic_guitar_fender_fa_series_25.wav
Gm_acoustic_guitar_fender_fa_series_18.wav,/Users/richardtairouz/Downloads/Guitar_Chord_Recognition/dataset_download/data/Train/Gm/Gm_acoustic_guitar_fender_fa_series_18.wav
B_acoustic_guitar_fender_fa_series_1.wav,/Users/richardtairouz/Downloads/Guitar_Chord_Recognition/dataset_download/data/Train/B/B_acoustic_guitar_fender_fa_series_1.wav
G#m_acoustic_guitar_fender_fa_series_16.wav,/Users/richardtairouz/Downloads/Guitar_Chord_Recognition/dataset_download/data/Train/G#m/G#m_acoustic_guitar_fender_fa_series_16.wav
F#_acoustic_guitar_fender_f a_series_22.wav,/Users/richardtairouz/Downloads/Guitar_Chord_Recognition/dataset_download/data/Train/F#/F#_acoustic_guitar_fender_f a_series_22.wav
Gm_acoustic_guitar_fender_fa_series_5.wav,/Users/richardtairouz/Downloads/Guitar_Chord_Recognition/dataset_download/data/Train/Gm/Gm_acoustic_guitar_fender_fa_series_5.wav
C#m_acoustic_guitar_fender_fa_series_9.wav,/Users/richardtairouz/Downloads/Guitar_Chord_Recognition/dataset_download/data/Train/C#m/C#m_acoustic_guitar_fender_fa_series_9.wav
D#m_acoustic_guitar_fender_fa_series_16.wav,/Users/richardtairouz/Downloads/Guitar_Chord_Recognition/dataset_download/data/Train/D#m/D#m_acoustic_guitar_fender_fa_series_16.wav
F#m_acoustic_guitar_fender_fa_series_4.wav,/Users/richardtairouz/Downloads/Guitar_Chord_Recognition/dataset_download/data/Train/F#m/F#m_acoustic_guitar_fender_fa_series_4.wav
C#m_acoustic_guitar_fender_fa_series_20.wav,/Users/richardtairouz/Downloads/Guitar_Chord_Recognition/dataset_download/data/Train/C#m/C#m_acoustic_guitar_fender_fa_series_20.wav
Em_acoustic_guitar_fender_fa_series_17.wav,/Users/richardtairouz/Downloads/Guitar_Chord_Recognition/dataset_download/data/Train/Em/Em_acoustic_guitar_fender_fa_series_17.wav
A#_acoustic_guitar_fender_fa_series_3.wav,/Users/richardtairouz/Downloads/Guitar_Chord_Recognition/dataset_download/data/Train/A#/A#_acoustic_guitar_fender_fa_series_3.wav
F#_acoustic_guitar_fender_f a_series_15.wav,/Users/richardtairouz/Downloads/Guitar_Chord_Recognition/dataset_download/data/Train/F#/F#_acoustic_guitar_fender_f a_series_15.wav
A#_acoustic_guitar_fender_fa_series_23.wav,/Users/richardtairouz/Downloads/Guitar_Chord_Recognition/dataset_download/data/Train/A#/A#_acoustic_guitar_fender_fa_series_23.wav
A#_acoustic_guitar_fender_fa_series_22.wav,/Users/richardtairouz/Downloads/Guitar_Chord_Recognition/dataset_download/data/Train/A#/A#_acoustic_guitar_fender_fa_series_22.wav
Cm_acoustic_guitar_fender_fa_series_12.wav,/Users/richardtairouz/Downloads/Guitar_Chord_Recognition/dataset_download/data/Train/Cm/Cm_acoustic_guitar_fender_fa_series_12.wav
E_acoustic_guitar_fender_fa_series_test_1.wav,/Users/richardtairouz/Downloads/Guitar_Chord_Recognition/dataset_download/data/Test/E/E_acoustic_guitar_fender_fa_series_test_1.wav
Cm_acoustic_guitar_fender_fa_series_17.wav,/Users/richardtairouz/Downloads/Guitar_Chord_Recognition/dataset_download/data/Train/Cm/Cm_acoustic_guitar_fender_fa_series_17.wav
B_acoustic_guitar_fender_fa_series_4.wav,/Users/richardtairouz/Downloads/Guitar_Chord_Recognition/dataset_download/data/Train/B/B_acoustic_guitar_fender_fa_series_4.wav
D#m_acoustic_guitar_fender_fa_series_test_2.wav,/Users/richardtairouz/Downloads/Guitar_Chord_Recognition/dataset_download/data/Test/D#m/D#m_acoustic_guitar_fender_fa_series_test_2.wav
Bm_acoustic_guitar_fender_fa_series_1.wav,/Users/richardtairouz/Downloads/Guitar_Chord_Recognition/dataset_download/data/Test/Bm/Bm_acoustic_guitar_fender_fa_series_1.wav
G#_acoustic_guitar_fender_fa_series_20.wav,/Users/richardtairouz/Downloads/Guitar_Chord_Recognition/dataset_download/data/Train/G#/G#_acoustic_guitar_fender_fa_series_20.wav
F#_acoustic_guitar_fender_f a_series_4.wav,/Users/richardtairouz/Downloads/Guitar_Chord_Recognition/dataset_download/data/Train/F#/F#_acoustic_guitar_fender_f a_series_4.wav
D#m_acoustic_guitar_fender_fa_series_5.wav,/Users/richardtairouz/Downloads/Guitar_Chord_Recognition/dataset_download/data/Train/D#m/D#m_acoustic_guitar_fender_fa_series_5.wav
196463__paulw2k__football-crowd-cheerjeers.wav,/Users/richardtairouz/Downloads/Guitar_Chord_Recognition/dataset_download/data/Test/Noise/196463__paulw2k__football-crowd-cheerjeers.wav
D#m_acoustic_guitar_fender_fa_series_test_6.wav,/Users/richardtairouz/Downloads/Guitar_Chord_Recognition/dataset_download/data/Test/D#m/D#m_acoustic_guitar_fender_fa_series_test_6.wav
G_acoustic_guitar_fender_ fa_series_19.wav,/Users/richardtairouz/Downloads/Guitar_Chord_Recognition/dataset_download/data/Train/G/G_acoustic_guitar_fender_ fa_series_19.wav
A_acoustic_guitar_fender_fa_series_16.wav,/Users/richardtairouz/Downloads/Guitar_Chord_Recognition/dataset_download/data/Train/A/A_acoustic_guitar_fender_fa_series_16.wav
Am_acoustic_guitar_fender_fa_series_11.wav,/Users/richardtairouz/Downloads/Guitar_Chord_Recognition/dataset_download/data/Train/Am/Am_acoustic_guitar_fender_fa_series_11.wav
A#m_acoustic_guitar_fender_fa_series_test_1.wav,/Users/richardtairouz/Downloads/Guitar_Chord_Recognition/dataset_download/data/Test/A#m/A#m_acoustic_guitar_fender_fa_series_test_1.wav
C#_acoustic_guitar_fender_fa_series_test_5.wav,/Users/richardtairouz/Downloads/Guitar_Chord_Recognition/dataset_download/data/Test/C#/C#_acoustic_guitar_fender_fa_series_test_5.wav
D_acoustic_guitar_fender_f a_series_12.wav,/Users/richardtairouz/Downloads/Guitar_Chord_Recognition/dataset_download/data/Train/D/D_acoustic_guitar_fender_f a_series_12.wav
Hm_acoustic_guitar_fender_fa_series_3.wav,/Users/richardtairouz/Downloads/Guitar_Chord_Recognition/dataset_download/data/Train/Bm/Hm_acoustic_guitar_fender_fa_series_3.wav
F_acoustic_guitar_fender_ fa_series_test_3.wav,/Users/richardtairouz/Downloads/Guitar_Chord_Recognition/dataset_download/data/Test/F/F_acoustic_guitar_fender_ fa_series_test_3.wav
D#_acoustic_guitar_fender_fa_series_19.wav,/Users/richardtairouz/Downloads/Guitar_Chord_Recognition/dataset_download/data/Train/D#/D#_acoustic_guitar_fender_fa_series_19.wav
E_classic_clean_garage_band_4.wav,/Users/richardtairouz/Downloads/Guitar_Chord_Recognition/dataset_download/data/Train/E/E_classic_clean_garage_band_4.wav
Gm_acoustic_guitar_fender_fa_series_1.wav,/Users/richardtairouz/Downloads/Guitar_Chord_Recognition/dataset_download/data/Train/Gm/Gm_acoustic_guitar_fender_fa_series_1.wav
F#_acoustic_guitar_fender_f a_series_13.wav,/Users/richardtairouz/Downloads/Guitar_Chord_Recognition/dataset_download/data/Train/F#/F#_acoustic_guitar_fender_f a_series_13.wav
G#_acoustic_guitar_fender_fa_series_test_2.wav,/Users/richardtairouz/Downloads/Guitar_Chord_Recognition/dataset_download/data/Test/G#/G#_acoustic_guitar_fender_fa_series_test_2.wav
D#m_acoustic_guitar_fender_fa_series_11.wav,/Users/richardtairouz/Downloads/Guitar_Chord_Recognition/dataset_download/data/Train/D#m/D#m_acoustic_guitar_fender_fa_series_11.wav
F_acoustic_guitar_fender_ fa_series_12.wav,/Users/richardtairouz/Downloads/Guitar_Chord_Recognition/dataset_download/data/Train/F/F_acoustic_guitar_fender_ fa_series_12.wav
F_acoustic_guitar_fender_ fa_series_7.wav,/Users/richardtairouz/Downloads/Guitar_Chord_Recognition/dataset_download/data/Train/F/F_acoustic_guitar_fender_ fa_series_7.wav
C#m_acoustic_guitar_fende r_fa_series_test_2.wav,/Users/richardtairouz/Downloads/Guitar_Chord_Recognition/dataset_download/data/Test/C#m/C#m_acoustic_guitar_fende r_fa_series_test_2.wav
D#m_acoustic_guitar_fender_fa_series_1.wav,/Users/richardtairouz/Downloads/Guitar_Chord_Recognition/dataset_download/data/Train/D#m/D#m_acoustic_guitar_fender_fa_series_1.wav
D_acoustic_guitar_fender_f a_series_8.wav,/Users/richardtairouz/Downloads/Guitar_Chord_Recognition/dataset_download/data/Train/D/D_acoustic_guitar_fender_f a_series_8.wav
C_acoustic_guitar_fender_fa_series_3.wav,/Users/richardtairouz/Downloads/Guitar_Chord_Recognition/dataset_download/data/Train/C/C_acoustic_guitar_fender_fa_series_3.wav
A_acoustic_guitar_fender_fa_series_10.wav,/Users/richardtairouz/Downloads/Guitar_Chord_Recognition/dataset_download/data/Train/A/A_acoustic_guitar_fender_fa_series_10.wav
Am_acoustic_guitar_fender_fa_series_18.wav,/Users/richardtairouz/Downloads/Guitar_Chord_Recognition/dataset_download/data/Train/Am/Am_acoustic_guitar_fender_fa_series_18.wav
F_acoustic_guitar_fender_ fa_series_14.wav,/Users/richardtairouz/Downloads/Guitar_Chord_Recognition/dataset_download/data/Train/F/F_acoustic_guitar_fender_ fa_series_14.wav
A#_acoustic_guitar_fender_fa_series_12.wav,/Users/richardtairouz/Downloads/Guitar_Chord_Recognition/dataset_download/data/Train/A#/A#_acoustic_guitar_fender_fa_series_12.wav
Am_acoustic_guitar_fender_fa_series_9.wav,/Users/richardtairouz/Downloads/Guitar_Chord_Recognition/dataset_download/data/Train/Am/Am_acoustic_guitar_fender_fa_series_9.wav
Gm_acoustic_guitar_fender_fa_series_17.wav,/Users/richardtairouz/Downloads/Guitar_Chord_Recognition/dataset_download/data/Train/Gm/Gm_acoustic_guitar_fender_fa_series_17.wav
E_acoustic_guitar_fender_fa_series_17.wav,/Users/richardtairouz/Downloads/Guitar_Chord_Recognition/dataset_download/data/Train/E/E_acoustic_guitar_fender_fa_series_17.wav
F_acoustic_guitar_fender_ fa_series_17.wav,/Users/richardtairouz/Downloads/Guitar_Chord_Recognition/dataset_download/data/Train/F/F_acoustic_guitar_fender_ fa_series_17.wav
D_acoustic_guitar_fender_f a_series_4.wav,/Users/richardtairouz/Downloads/Guitar_Chord_Recognition/dataset_download/data/Train/D/D_acoustic_guitar_fender_f a_series_4.wav
F#m_acoustic_guitar_fender_fa_series_test_3.wav,/Users/richardtairouz/Downloads/Guitar_Chord_Recognition/dataset_download/data/Test/F#m/F#m_acoustic_guitar_fender_fa_series_test_3.wav
noise_val.wav,/Users/richardtairouz/Downloads/Guitar_Chord_Recognition/dataset_download/data/Test/Noise/noise_val.wav
F#_acoustic_guitar_fender_f a_series_18.wav,/Users/richardtairouz/Downloads/Guitar_Chord_Recognition/dataset_download/data/Train/F#/F#_acoustic_guitar_fender_f a_series_18.wav
F#m_acoustic_guitar_fender_fa_series_16.wav,/Users/richardtairouz/Downloads/Guitar_Chord_Recognition/dataset_download/data/Train/F#m/F#m_acoustic_guitar_fender_fa_series_16.wav
C#m_acoustic_guitar_fender_fa_series_2.wav,/Users/richardtairouz/Downloads/Guitar_Chord_Recognition/dataset_download/data/Train/C#m/C#m_acoustic_guitar_fender_fa_series_2.wav
G#m_acoustic_guitar_fender_fa_series_3.wav,/Users/richardtairouz/Downloads/Guitar_Chord_Recognition/dataset_download/data/Train/G#m/G#m_acoustic_guitar_fender_fa_series_3.wav
Bm_acoustic_guitar_fender_fa_series_test_6.wav,/Users/richardtairouz/Downloads/Guitar_Chord_Recognition/dataset_download/data/Test/Bm/Bm_acoustic_guitar_fender_fa_series_test_6.wav
Am_acoustic_guitar_fender_fa_series_14.wav,/Users/richardtairouz/Downloads/Guitar_Chord_Recognition/dataset_download/data/Train/Am/Am_acoustic_guitar_fender_fa_series_14.wav
G#_acoustic_guitar_fender_fa_series_24.wav,/Users/richardtairouz/Downloads/Guitar_Chord_Recognition/dataset_download/data/Train/G#/G#_acoustic_guitar_fender_fa_series_24.wav
A#m_acoustic_guitar_fender_fa_series_test_21.wav,/Users/richardtairouz/Downloads/Guitar_Chord_Recognition/dataset_download/data/Train/A#m/A#m_acoustic_guitar_fender_fa_series_test_21.wav
E_hard_rock_garage_band_4.wav,/Users/richardtairouz/Downloads/Guitar_Chord_Recognition/dataset_download/data/Train/E/E_hard_rock_garage_band_4.wav
A#m_acoustic_guitar_fender_fa_series_test_24.wav,/Users/richardtairouz/Downloads/Guitar_Chord_Recognition/dataset_download/data/Train/A#m/A#m_acoustic_guitar_fender_fa_series_test_24.wav
Fm_acoustic_guitar_fender_fa_series_12.wav,/Users/richardtairouz/Downloads/Guitar_Chord_Recognition/dataset_download/data/Train/Fm/Fm_acoustic_guitar_fender_fa_series_12.wav
C#m_acoustic_guitar_fender_fa_series_24.wav,/Users/richardtairouz/Downloads/Guitar_Chord_Recognition/dataset_download/data/Train/C#m/C#m_acoustic_guitar_fender_fa_series_24.wav
A_acoustic_guitar_fender_fa_series_test_2.wav,/Users/richardtairouz/Downloads/Guitar_Chord_Recognition/dataset_download/data/Test/A/A_acoustic_guitar_fender_fa_series_test_2.wav
Hm_acoustic_guitar_fender_fa_series_10.wav,/Users/richardtairouz/Downloads/Guitar_Chord_Recognition/dataset_download/data/Train/Bm/Hm_acoustic_guitar_fender_fa_series_10.wav
A_acoustic_guitar_fender_fa_series_12.wav,/Users/richardtairouz/Downloads/Guitar_Chord_Recognition/dataset_download/data/Train/A/A_acoustic_guitar_fender_fa_series_12.wav
D#_acoustic_guitar_fender_fa_series_22.wav,/Users/richardtairouz/Downloads/Guitar_Chord_Recognition/dataset_download/data/Train/D#/D#_acoustic_guitar_fender_fa_series_22.wav
G#m_acoustic_guitar_fender_fa_series_13.wav,/Users/richardtairouz/Downloads/Guitar_Chord_Recognition/dataset_download/data/Train/G#m/G#m_acoustic_guitar_fender_fa_series_13.wav
G_acoustic_guitar_fender_ fa_series_13.wav,/Users/richardtairouz/Downloads/Guitar_Chord_Recognition/dataset_download/data/Train/G/G_acoustic_guitar_fender_ fa_series_13.wav
AM_hard_rock_garage_band_1.wav,/Users/richardtairouz/Downloads/Guitar_Chord_Recognition/dataset_download/data/Train/Am/AM_hard_rock_garage_band_1.wav
C#m_acoustic_guitar_fende r_fa_series_test_3.wav,/Users/richardtairouz/Downloads/Guitar_Chord_Recognition/dataset_download/data/Test/C#m/C#m_acoustic_guitar_fende r_fa_series_test_3.wav
D_acoustic_guitar_fender_f a_series_2.wav,/Users/richardtairouz/Downloads/Guitar_Chord_Recognition/dataset_download/data/Train/D/D_acoustic_guitar_fender_f a_series_2.wav
F_acoustic_guitar_fender_ fa_series_24.wav,/Users/richardtairouz/Downloads/Guitar_Chord_Recognition/dataset_download/data/Train/F/F_acoustic_guitar_fender_ fa_series_24.wav
A#_acoustic_guitar_fender_fa_series_15.wav,/Users/richardtairouz/Downloads/Guitar_Chord_Recognition/dataset_download/data/Train/A#/A#_acoustic_guitar_fender_fa_series_15.wav
C#_acoustic_guitar_fender_fa_series_test_2.wav,/Users/richardtairouz/Downloads/Guitar_Chord_Recognition/dataset_download/data/Test/C#/C#_acoustic_guitar_fender_fa_series_test_2.wav
G_acoustic_guitar_fender_ fa_series_test_4.wav,/Users/richardtairouz/Downloads/Guitar_Chord_Recognition/dataset_download/data/Test/G/G_acoustic_guitar_fender_ fa_series_test_4.wav
F#m_acoustic_guitar_fender_fa_series_11.wav,/Users/richardtairouz/Downloads/Guitar_Chord_Recognition/dataset_download/data/Train/F#m/F#m_acoustic_guitar_fender_fa_series_11.wav
C#_acoustic_guitar_fender_fa_series_23.wav,/Users/richardtairouz/Downloads/Guitar_Chord_Recognition/dataset_download/data/Train/C#/C#_acoustic_guitar_fender_fa_series_23.wav
A_acoustic_guitar_fender_fa_series_11.wav,/Users/richardtairouz/Downloads/Guitar_Chord_Recognition/dataset_download/data/Train/A/A_acoustic_guitar_fender_fa_series_11.wav
Fm_acoustic_guitar_fender_fa_series_17.wav,/Users/richardtairouz/Downloads/Guitar_Chord_Recognition/dataset_download/data/Train/Fm/Fm_acoustic_guitar_fender_fa_series_17.wav
D_acoustic_guitar_fender_f a_series_3.wav,/Users/richardtairouz/Downloads/Guitar_Chord_Recognition/dataset_download/data/Train/D/D_acoustic_guitar_fender_f a_series_3.wav
G#m_acoustic_guitar_fender_fa_series_6.wav,/Users/richardtairouz/Downloads/Guitar_Chord_Recognition/dataset_download/data/Train/G#m/G#m_acoustic_guitar_fender_fa_series_6.wav
E_acoustic_guitar_fender_fa_series_13.wav,/Users/richardtairouz/Downloads/Guitar_Chord_Recognition/dataset_download/data/Train/E/E_acoustic_guitar_fender_fa_series_13.wav
A_acoustic_guitar_fender_fa_series_22.wav,/Users/richardtairouz/Downloads/Guitar_Chord_Recognition/dataset_download/data/Train/A/A_acoustic_guitar_fender_fa_series_22.wav
A_acoustic_guitar_fender_fa_series_25.wav,/Users/richardtairouz/Downloads/Guitar_Chord_Recognition/dataset_download/data/Train/A/A_acoustic_guitar_fender_fa_series_25.wav
D#m_acoustic_guitar_fender_fa_series_2.wav,/Users/richardtairouz/Downloads/Guitar_Chord_Recognition/dataset_download/data/Train/D#m/D#m_acoustic_guitar_fender_fa_series_2.wav
E_acoustic_guitar_fender_fa_series_test_3.wav,/Users/richardtairouz/Downloads/Guitar_Chord_Recognition/dataset_download/data/Test/E/E_acoustic_guitar_fender_fa_series_test_3.wav
E_hard_rock_garage_band_3.wav,/Users/richardtairouz/Downloads/Guitar_Chord_Recognition/dataset_download/data/Train/E/E_hard_rock_garage_band_3.wav
C#m_acoustic_guitar_fende r_fa_series_test_5.wav,/Users/richardtairouz/Downloads/Guitar_Chord_Recognition/dataset_download/data/Test/C#m/C#m_acoustic_guitar_fende r_fa_series_test_5.wav
G#_acoustic_guitar_fender_f a_series_4.wav,/Users/richardtairouz/Downloads/Guitar_Chord_Recognition/dataset_download/data/Train/G#/G#_acoustic_guitar_fender_f a_series_4.wav
A#_acoustic_guitar_fender_fa_series_13.wav,/Users/richardtairouz/Downloads/Guitar_Chord_Recognition/dataset_download/data/Train/A#/A#_acoustic_guitar_fender_fa_series_13.wav
F#m_acoustic_guitar_fender_fa_series_10.wav,/Users/richardtairouz/Downloads/Guitar_Chord_Recognition/dataset_download/data/Train/F#m/F#m_acoustic_guitar_fender_fa_series_10.wav
G_acoustic_guitar_fender_ fa_series_5.wav,/Users/richardtairouz/Downloads/Guitar_Chord_Recognition/dataset_download/data/Train/G/G_acoustic_guitar_fender_ fa_series_5.wav
G_acoustic_guitar_fender_ fa_series_15.wav,/Users/richardtairouz/Downloads/Guitar_Chord_Recognition/dataset_download/data/Train/G/G_acoustic_guitar_fender_ fa_series_15.wav
Gm_acoustic_guitar_fender_fa_series_8.wav,/Users/richardtairouz/Downloads/Guitar_Chord_Recognition/dataset_download/data/Train/Gm/Gm_acoustic_guitar_fender_fa_series_8.wav
Cm_acoustic_guitar_fender_fa_series_10.wav,/Users/richardtairouz/Downloads/Guitar_Chord_Recognition/dataset_download/data/Train/Cm/Cm_acoustic_guitar_fender_fa_series_10.wav
A_acoustic_guitar_fender_fa_series_5.wav,/Users/richardtairouz/Downloads/Guitar_Chord_Recognition/dataset_download/data/Train/A/A_acoustic_guitar_fender_fa_series_5.wav
Cm_acoustic_guitar_fender_fa_series_16.wav,/Users/richardtairouz/Downloads/Guitar_Chord_Recognition/dataset_download/data/Train/Cm/Cm_acoustic_guitar_fender_fa_series_16.wav
A#_acoustic_guitar_fender_fa_series_test_5.wav,/Users/richardtairouz/Downloads/Guitar_Chord_Recognition/dataset_download/data/Test/A#/A#_acoustic_guitar_fender_fa_series_test_5.wav
Dm_acoustic_guitar_fender_fa_series_test_4.wav,/Users/richardtairouz/Downloads/Guitar_Chord_Recognition/dataset_download/data/Test/Dm/Dm_acoustic_guitar_fender_fa_series_test_4.wav
A#_acoustic_guitar_fender_fa_series_test_4.wav,/Users/richardtairouz/Downloads/Guitar_Chord_Recognition/dataset_download/data/Test/A#/A#_acoustic_guitar_fender_fa_series_test_4.wav
Am_acoustic_guitar_fender_fa_series_test_3.wav,/Users/richardtairouz/Downloads/Guitar_Chord_Recognition/dataset_download/data/Test/Am/Am_acoustic_guitar_fender_fa_series_test_3.wav
Dm_acoustic_guitar_fender_fa_series_18.wav,/Users/richardtairouz/Downloads/Guitar_Chord_Recognition/dataset_download/data/Train/Dm/Dm_acoustic_guitar_fender_fa_series_18.wav
A#m_acoustic_guitar_fender_fa_series_test_12.wav,/Users/richardtairouz/Downloads/Guitar_Chord_Recognition/dataset_download/data/Train/A#m/A#m_acoustic_guitar_fender_fa_series_test_12.wav
Cm_acoustic_guitar_fender_fa_series_13.wav,/Users/richardtairouz/Downloads/Guitar_Chord_Recognition/dataset_download/data/Train/Cm/Cm_acoustic_guitar_fender_fa_series_13.wav
C#m_acoustic_guitar_fender_fa_series_1.wav,/Users/richardtairouz/Downloads/Guitar_Chord_Recognition/dataset_download/data/Train/C#m/C#m_acoustic_guitar_fender_fa_series_1.wav
B_acoustic_guitar_fender_fa_series_19.wav,/Users/richardtairouz/Downloads/Guitar_Chord_Recognition/dataset_download/data/Train/B/B_acoustic_guitar_fender_fa_series_19.wav
A#_acoustic_guitar_fender_fa_series_2.wav,/Users/richardtairouz/Downloads/Guitar_Chord_Recognition/dataset_download/data/Train/A#/A#_acoustic_guitar_fender_fa_series_2.wav
G#m_acoustic_guitar_fender_fa_series_15.wav,/Users/richardtairouz/Downloads/Guitar_Chord_Recognition/dataset_download/data/Train/G#m/G#m_acoustic_guitar_fender_fa_series_15.wav
A#m_acoustic_guitar_fender_fa_series_test_11.wav,/Users/richardtairouz/Downloads/Guitar_Chord_Recognition/dataset_download/data/Train/A#m/A#m_acoustic_guitar_fender_fa_series_test_11.wav
Am_acoustic_guitar_fender_fa_series_22.wav,/Users/richardtairouz/Downloads/Guitar_Chord_Recognition/dataset_download/data/Train/Am/Am_acoustic_guitar_fender_fa_series_22.wav
G#m_acoustic_guitar_fender_fa_series_14.wav,/Users/richardtairouz/Downloads/Guitar_Chord_Recognition/dataset_download/data/Train/G#m/G#m_acoustic_guitar_fender_fa_series_14.wav
A#_acoustic_guitar_fender_fa_series_6.wav,/Users/richardtairouz/Downloads/Guitar_Chord_Recognition/dataset_download/data/Train/A#/A#_acoustic_guitar_fender_fa_series_6.wav
Dm_acoustic_guitar_fender_fa_series_10.wav,/Users/richardtairouz/Downloads/Guitar_Chord_Recognition/dataset_download/data/Train/Dm/Dm_acoustic_guitar_fender_fa_series_10.wav
G_acoustic_guitar_fender_ fa_series_7.wav,/Users/richardtairouz/Downloads/Guitar_Chord_Recognition/dataset_download/data/Train/G/G_acoustic_guitar_fender_ fa_series_7.wav
C#m_acoustic_guitar_fender_fa_series_4.wav,/Users/richardtairouz/Downloads/Guitar_Chord_Recognition/dataset_download/data/Train/C#m/C#m_acoustic_guitar_fender_fa_series_4.wav
Fm_acoustic_guitar_fender_fa_series_24.wav,/Users/richardtairouz/Downloads/Guitar_Chord_Recognition/dataset_download/data/Train/Fm/Fm_acoustic_guitar_fender_fa_series_24.wav
Em_acoustic_guitar_fender_fa_series_24.wav,/Users/richardtairouz/Downloads/Guitar_Chord_Recognition/dataset_download/data/Train/Em/Em_acoustic_guitar_fender_fa_series_24.wav
G_acoustic_guitar_fender_ fa_series_18.wav,/Users/richardtairouz/Downloads/Guitar_Chord_Recognition/dataset_download/data/Train/G/G_acoustic_guitar_fender_ fa_series_18.wav
F#_acoustic_guitar_fender_f a_series_5.wav,/Users/richardtairouz/Downloads/Guitar_Chord_Recognition/dataset_download/data/Train/F#/F#_acoustic_guitar_fender_f a_series_5.wav
A_acoustic_guitar_fender_fa_series_21.wav,/Users/richardtairouz/Downloads/Guitar_Chord_Recognition/dataset_download/data/Train/A/A_acoustic_guitar_fender_fa_series_21.wav
Em_acoustic_guitar_fender_fa_series_7.wav,/Users/richardtairouz/Downloads/Guitar_Chord_Recognition/dataset_download/data/Train/Em/Em_acoustic_guitar_fender_fa_series_7.wav
A#m_acoustic_guitar_fender_fa_series_test_20.wav,/Users/richardtairouz/Downloads/Guitar_Chord_Recognition/dataset_download/data/Train/A#m/A#m_acoustic_guitar_fender_fa_series_test_20.wav
A#m_acoustic_guitar_fender_fa_series_test_19.wav,/Users/richardtairouz/Downloads/Guitar_Chord_Recognition/dataset_download/data/Train/A#m/A#m_acoustic_guitar_fender_fa_series_test_19.wav
AM_classic_clean_garage_band_2.wav,/Users/richardtairouz/Downloads/Guitar_Chord_Recognition/dataset_download/data/Train/Am/AM_classic_clean_garage_band_2.wav
G#_acoustic_guitar_fender_f a_series_12.wav,/Users/richardtairouz/Downloads/Guitar_Chord_Recognition/dataset_download/data/Train/G#/G#_acoustic_guitar_fender_f a_series_12.wav
C#_acoustic_guitar_fender_fa_series_11.wav,/Users/richardtairouz/Downloads/Guitar_Chord_Recognition/dataset_download/data/Train/C#/C#_acoustic_guitar_fender_fa_series_11.wav
D_acoustic_guitar_fender_f a_series_6.wav,/Users/richardtairouz/Downloads/Guitar_Chord_Recognition/dataset_download/data/Train/D/D_acoustic_guitar_fender_f a_series_6.wav
E_acoustic_guitar_garage_band_1.wav,/Users/richardtairouz/Downloads/Guitar_Chord_Recognition/dataset_download/data/Train/E/E_acoustic_guitar_garage_band_1.wav
G_acoustic_guitar_fender_ fa_series_22.wav,/Users/richardtairouz/Downloads/Guitar_Chord_Recognition/dataset_download/data/Train/G/G_acoustic_guitar_fender_ fa_series_22.wav
E_acoustic_guitar_fender_fa_series_25.wav,/Users/richardtairouz/Downloads/Guitar_Chord_Recognition/dataset_download/data/Train/E/E_acoustic_guitar_fender_fa_series_25.wav
Gm_acoustic_guitar_fender_fa_series_15.wav,/Users/richardtairouz/Downloads/Guitar_Chord_Recognition/dataset_download/data/Train/Gm/Gm_acoustic_guitar_fender_fa_series_15.wav
C_acoustic_guitar_fender_fa_series_7.wav,/Users/richardtairouz/Downloads/Guitar_Chord_Recognition/dataset_download/data/Train/C/C_acoustic_guitar_fender_fa_series_7.wav
Am_acoustic_guitar_fender_fa_series_21.wav,/Users/richardtairouz/Downloads/Guitar_Chord_Recognition/dataset_download/data/Train/Am/Am_acoustic_guitar_fender_fa_series_21.wav
A#_acoustic_guitar_fender_fa_series_test_6.wav,/Users/richardtairouz/Downloads/Guitar_Chord_Recognition/dataset_download/data/Test/A#/A#_acoustic_guitar_fender_fa_series_test_6.wav
B_acoustic_guitar_fender_fa_series_10.wav,/Users/richardtairouz/Downloads/Guitar_Chord_Recognition/dataset_download/data/Train/B/B_acoustic_guitar_fender_fa_series_10.wav
C#_acoustic_guitar_fender_fa_series_18.wav,/Users/richardtairouz/Downloads/Guitar_Chord_Recognition/dataset_download/data/Train/C#/C#_acoustic_guitar_fender_fa_series_18.wav
F#_acoustic_guitar_fender_f a_series_17.wav,/Users/richardtairouz/Downloads/Guitar_Chord_Recognition/dataset_download/data/Train/F#/F#_acoustic_guitar_fender_f a_series_17.wav
A#m_acoustic_guitar_fender_fa_series_test_6.wav,/Users/richardtairouz/Downloads/Guitar_Chord_Recognition/dataset_download/data/Test/A#m/A#m_acoustic_guitar_fender_fa_series_test_6.wav
G#_acoustic_guitar_fender_fa_series_18.wav,/Users/richardtairouz/Downloads/Guitar_Chord_Recognition/dataset_download/data/Train/G#/G#_acoustic_guitar_fender_fa_series_18.wav
A#m_acoustic_guitar_fender_fa_series_test_1.wav,/Users/richardtairouz/Downloads/Guitar_Chord_Recognition/dataset_download/data/Train/A#m/A#m_acoustic_guitar_fender_fa_series_test_1.wav
Fm_acoustic_guitar_fender_fa_series_test_3.wav,/Users/richardtairouz/Downloads/Guitar_Chord_Recognition/dataset_download/data/Test/Fm/Fm_acoustic_guitar_fender_fa_series_test_3.wav
D#m_acoustic_guitar_fender_fa_series_17.wav,/Users/richardtairouz/Downloads/Guitar_Chord_Recognition/dataset_download/data/Train/D#m/D#m_acoustic_guitar_fender_fa_series_17.wav
Gm_acoustic_guitar_fender_fa_series_2.wav,/Users/richardtairouz/Downloads/Guitar_Chord_Recognition/dataset_download/data/Train/Gm/Gm_acoustic_guitar_fender_fa_series_2.wav
C_acoustic_guitar_fender_fa_series_18.wav,/Users/richardtairouz/Downloads/Guitar_Chord_Recognition/dataset_download/data/Train/C/C_acoustic_guitar_fender_fa_series_18.wav
Hm_acoustic_guitar_fender_fa_series_6.wav,/Users/richardtairouz/Downloads/Guitar_Chord_Recognition/dataset_download/data/Train/Bm/Hm_acoustic_guitar_fender_fa_series_6.wav
B_acoustic_guitar_fender_fa_series_test_1.wav,/Users/richardtairouz/Downloads/Guitar_Chord_Recognition/dataset_download/data/Test/B/B_acoustic_guitar_fender_fa_series_test_1.wav
Am_acoustic_guitar_fender_fa_series_8.wav,/Users/richardtairouz/Downloads/Guitar_Chord_Recognition/dataset_download/data/Train/Am/Am_acoustic_guitar_fender_fa_series_8.wav
G#_acoustic_guitar_fender_fa_series_17.wav,/Users/richardtairouz/Downloads/Guitar_Chord_Recognition/dataset_download/data/Train/G#/G#_acoustic_guitar_fender_fa_series_17.wav
Am_acoustic_guitar_fender_fa_series_test_5.wav,/Users/richardtairouz/Downloads/Guitar_Chord_Recognition/dataset_download/data/Test/Am/Am_acoustic_guitar_fender_fa_series_test_5.wav
G_acoustic_guitar_fender_ fa_series_test_3.wav,/Users/richardtairouz/Downloads/Guitar_Chord_Recognition/dataset_download/data/Test/G/G_acoustic_guitar_fender_ fa_series_test_3.wav
Gm_acoustic_guitar_fender_fa_series_test_4.wav,/Users/richardtairouz/Downloads/Guitar_Chord_Recognition/dataset_download/data/Test/Gm/Gm_acoustic_guitar_fender_fa_series_test_4.wav
F#m_acoustic_guitar_fender_fa_series_test_1.wav,/Users/richardtairouz/Downloads/Guitar_Chord_Recognition/dataset_download/data/Test/F#m/F#m_acoustic_guitar_fender_fa_series_test_1.wav
C_acoustic_guitar_fender_fa_series_5.wav,/Users/richardtairouz/Downloads/Guitar_Chord_Recognition/dataset_download/data/Train/C/C_acoustic_guitar_fender_fa_series_5.wav
Cm_acoustic_guitar_fender_fa_series_8.wav,/Users/richardtairouz/Downloads/Guitar_Chord_Recognition/dataset_download/data/Train/Cm/Cm_acoustic_guitar_fender_fa_series_8.wav
D#_acoustic_guitar_fender_fa_series_12.wav,/Users/richardtairouz/Downloads/Guitar_Chord_Recognition/dataset_download/data/Train/D#/D#_acoustic_guitar_fender_fa_series_12.wav
F#_acoustic_guitar_fender_fa_series_test_2.wav,/Users/richardtairouz/Downloads/Guitar_Chord_Recognition/dataset_download/data/Test/F#/F#_acoustic_guitar_fender_fa_series_test_2.wav
Gm_acoustic_guitar_fender_fa_series_10.wav,/Users/richardtairouz/Downloads/Guitar_Chord_Recognition/dataset_download/data/Train/Gm/Gm_acoustic_guitar_fender_fa_series_10.wav
Dm_acoustic_guitar_fender_fa_series_8.wav,/Users/richardtairouz/Downloads/Guitar_Chord_Recognition/dataset_download/data/Train/Dm/Dm_acoustic_guitar_fender_fa_series_8.wav
Am_acoustic_guitar_fender_fa_series_7.wav,/Users/richardtairouz/Downloads/Guitar_Chord_Recognition/dataset_download/data/Train/Am/Am_acoustic_guitar_fender_fa_series_7.wav
Gm_acoustic_guitar_fender_fa_series_test_6.wav,/Users/richardtairouz/Downloads/Guitar_Chord_Recognition/dataset_download/data/Test/Gm/Gm_acoustic_guitar_fender_fa_series_test_6.wav
F_acoustic_guitar_fender_ fa_series_21.wav,/Users/richardtairouz/Downloads/Guitar_Chord_Recognition/dataset_download/data/Train/F/F_acoustic_guitar_fender_ fa_series_21.wav
Am_acoustic_guitar_fender_fa_series_19.wav,/Users/richardtairouz/Downloads/Guitar_Chord_Recognition/dataset_download/data/Train/Am/Am_acoustic_guitar_fender_fa_series_19.wav
F_acoustic_guitar_fender_ fa_series_19.wav,/Users/richardtairouz/Downloads/Guitar_Chord_Recognition/dataset_download/data/Train/F/F_acoustic_guitar_fender_ fa_series_19.wav
A#m_acoustic_guitar_fender_fa_series_test_25.wav,/Users/richardtairouz/Downloads/Guitar_Chord_Recognition/dataset_download/data/Train/A#m/A#m_acoustic_guitar_fender_fa_series_test_25.wav
G#m_acoustic_guitar_fender_fa_series_1.wav,/Users/richardtairouz/Downloads/Guitar_Chord_Recognition/dataset_download/data/Train/G#m/G#m_acoustic_guitar_fender_fa_series_1.wav
C#m_acoustic_guitar_fender_fa_series_22.wav,/Users/richardtairouz/Downloads/Guitar_Chord_Recognition/dataset_download/data/Train/C#m/C#m_acoustic_guitar_fender_fa_series_22.wav
C#_acoustic_guitar_fender_fa_series_test_3.wav,/Users/richardtairouz/Downloads/Guitar_Chord_Recognition/dataset_download/data/Test/C#/C#_acoustic_guitar_fender_fa_series_test_3.wav
D#_acoustic_guitar_fender_fa_series_3.wav,/Users/richardtairouz/Downloads/Guitar_Chord_Recognition/dataset_download/data/Train/D#/D#_acoustic_guitar_fender_fa_series_3.wav
Em_acoustic_guitar_fender_fa_series_9.wav,/Users/richardtairouz/Downloads/Guitar_Chord_Recognition/dataset_download/data/Train/Em/Em_acoustic_guitar_fender_fa_series_9.wav
E_acoustic_guitar_fender_fa_series_1.wav,/Users/richardtairouz/Downloads/Guitar_Chord_Recognition/dataset_download/data/Train/E/E_acoustic_guitar_fender_fa_series_1.wav
Cm_acoustic_guitar_fender_fa_series_2.wav,/Users/richardtairouz/Downloads/Guitar_Chord_Recognition/dataset_download/data/Train/Cm/Cm_acoustic_guitar_fender_fa_series_2.wav
A#m_acoustic_guitar_fender_fa_series_test_2.wav,/Users/richardtairouz/Downloads/Guitar_Chord_Recognition/dataset_download/data/Test/A#m/A#m_acoustic_guitar_fender_fa_series_test_2.wav
D_acoustic_guitar_fender_f a_series_1.wav,/Users/richardtairouz/Downloads/Guitar_Chord_Recognition/dataset_download/data/Train/D/D_acoustic_guitar_fender_f a_series_1.wav
D#_acoustic_guitar_fender_fa_series_test_3.wav,/Users/richardtairouz/Downloads/Guitar_Chord_Recognition/dataset_download/data/Test/D#/D#_acoustic_guitar_fender_fa_series_test_3.wav
B_acoustic_guitar_fender_fa_series_7.wav,/Users/richardtairouz/Downloads/Guitar_Chord_Recognition/dataset_download/data/Train/B/B_acoustic_guitar_fender_fa_series_7.wav
F_acoustic_guitar_fender_ fa_series_9.wav,/Users/richardtairouz/Downloads/Guitar_Chord_Recognition/dataset_download/data/Train/F/F_acoustic_guitar_fender_ fa_series_9.wav
Cm_acoustic_guitar_fender_fa_series_25.wav,/Users/richardtairouz/Downloads/Guitar_Chord_Recognition/dataset_download/data/Train/Cm/Cm_acoustic_guitar_fender_fa_series_25.wav
Hm_acoustic_guitar_fender_fa_series_24.wav,/Users/richardtairouz/Downloads/Guitar_Chord_Recognition/dataset_download/data/Train/Bm/Hm_acoustic_guitar_fender_fa_series_24.wav
G#_acoustic_guitar_fender_fa_series_19.wav,/Users/richardtairouz/Downloads/Guitar_Chord_Recognition/dataset_download/data/Train/G#/G#_acoustic_guitar_fender_fa_series_19.wav
A#m_acoustic_guitar_fender_fa_series_test_5.wav,/Users/richardtairouz/Downloads/Guitar_Chord_Recognition/dataset_download/data/Train/A#m/A#m_acoustic_guitar_fender_fa_series_test_5.wav
AM_hard_rock_garage_band_5.wav,/Users/richardtairouz/Downloads/Guitar_Chord_Recognition/dataset_download/data/Train/Am/AM_hard_rock_garage_band_5.wav
Dm_acoustic_guitar_fender_fa_series_test_6.wav,/Users/richardtairouz/Downloads/Guitar_Chord_Recognition/dataset_download/data/Test/Dm/Dm_acoustic_guitar_fender_fa_series_test_6.wav
A#_acoustic_guitar_fender_fa_series_18.wav,/Users/richardtairouz/Downloads/Guitar_Chord_Recognition/dataset_download/data/Train/A#/A#_acoustic_guitar_fender_fa_series_18.wav
F#m_acoustic_guitar_fender_fa_series_20.wav,/Users/richardtairouz/Downloads/Guitar_Chord_Recognition/dataset_download/data/Train/F#m/F#m_acoustic_guitar_fender_fa_series_20.wav
F#_acoustic_guitar_fender_f a_series_10.wav,/Users/richardtairouz/Downloads/Guitar_Chord_Recognition/dataset_download/data/Train/F#/F#_acoustic_guitar_fender_f a_series_10.wav
F#_acoustic_guitar_fender_f a_series_9.wav,/Users/richardtairouz/Downloads/Guitar_Chord_Recognition/dataset_download/data/Train/F#/F#_acoustic_guitar_fender_f a_series_9.wav
